f6547159-c29d-40d6-8a8e-3c2ad13c6286_02-18-week3-FAILING_AND_PASSING,dockerPool,spirals-bears,16,487961768,506462208
f6547159-c29d-40d6-8a8e-3c2ad13c6286_02-18-week3-FAILING_AND_PASSING,343910937,spirals-bears,16,458884216,506462208
f6547159-c29d-40d6-8a8e-3c2ad13c6286_02-18-week3-FAILING_AND_PASSING,343909243,spirals-bears,16,458884592,506462208
f6547159-c29d-40d6-8a8e-3c2ad13c6286_02-18-week3-FAILING_AND_PASSING,344263386,spirals-bears,16,458889552,506462208
f6547159-c29d-40d6-8a8e-3c2ad13c6286_02-18-week3-FAILING_AND_PASSING,343827468,spirals-bears,16,458890360,506462208
f6547159-c29d-40d6-8a8e-3c2ad13c6286_02-18-week3-FAILING_AND_PASSING,343258713,spirals-bears,16,458884368,506462208
f6547159-c29d-40d6-8a8e-3c2ad13c6286_02-18-week3-FAILING_AND_PASSING,343760906,spirals-bears,16,458890376,506462208
f6547159-c29d-40d6-8a8e-3c2ad13c6286_02-18-week3-FAILING_AND_PASSING,343749196,spirals-bears,16,458884080,506462208
f6547159-c29d-40d6-8a8e-3c2ad13c6286_02-18-week3-FAILING_AND_PASSING,343717417,spirals-bears,16,458890064,506462208
f6547159-c29d-40d6-8a8e-3c2ad13c6286_02-18-week3-FAILING_AND_PASSING,343338321,spirals-bears,16,458888616,506462208
f6547159-c29d-40d6-8a8e-3c2ad13c6286_02-18-week3-FAILING_AND_PASSING,343323042,spirals-bears,16,458884304,506462208
f6547159-c29d-40d6-8a8e-3c2ad13c6286_02-18-week3-FAILING_AND_PASSING,343300349,spirals-bears,16,458884168,506462208
f6547159-c29d-40d6-8a8e-3c2ad13c6286_02-18-week3-FAILING_AND_PASSING,343300058,spirals-bears,16,458890128,506462208
f6547159-c29d-40d6-8a8e-3c2ad13c6286_02-18-week3-FAILING_AND_PASSING,343299622,spirals-bears,16,458883768,506462208
f6547159-c29d-40d6-8a8e-3c2ad13c6286_02-18-week3-FAILING_AND_PASSING,343298253,spirals-bears,16,458889696,506462208
f6547159-c29d-40d6-8a8e-3c2ad13c6286_02-18-week3-FAILING_AND_PASSING,340530755,spirals-bears,16,458889992,506462208
f6547159-c29d-40d6-8a8e-3c2ad13c6286_02-18-week3-FAILING_AND_PASSING,343113802,spirals-bears,16,458890464,506462208
f6547159-c29d-40d6-8a8e-3c2ad13c6286_02-18-week3-FAILING_AND_PASSING,342718545,spirals-bears,16,458889688,506462208
f6547159-c29d-40d6-8a8e-3c2ad13c6286_02-18-week3-FAILING_AND_PASSING,342707367,spirals-bears,16,458884160,506462208
f6547159-c29d-40d6-8a8e-3c2ad13c6286_02-18-week3-FAILING_AND_PASSING,342707120,spirals-bears,16,458890456,506462208
f6547159-c29d-40d6-8a8e-3c2ad13c6286_02-18-week3-FAILING_AND_PASSING,342241054,spirals-bears,16,458889632,506462208
f6547159-c29d-40d6-8a8e-3c2ad13c6286_02-18-week3-FAILING_AND_PASSING,342673330,spirals-bears,16,458884024,506462208
f6547159-c29d-40d6-8a8e-3c2ad13c6286_02-18-week3-FAILING_AND_PASSING,342576555,spirals-bears,16,458889912,506462208
f6547159-c29d-40d6-8a8e-3c2ad13c6286_02-18-week3-FAILING_AND_PASSING,341974584,spirals-bears,16,458890120,506462208
f6547159-c29d-40d6-8a8e-3c2ad13c6286_02-18-week3-FAILING_AND_PASSING,341971761,spirals-bears,16,458889648,506462208
f6547159-c29d-40d6-8a8e-3c2ad13c6286_02-18-week3-FAILING_AND_PASSING,341666704,spirals-bears,16,458888912,506462208
f6547159-c29d-40d6-8a8e-3c2ad13c6286_02-18-week3-FAILING_AND_PASSING,341582569,spirals-bears,16,458890240,506462208
f6547159-c29d-40d6-8a8e-3c2ad13c6286_02-18-week3-FAILING_AND_PASSING,341383474,spirals-bears,16,458890136,506462208
f6547159-c29d-40d6-8a8e-3c2ad13c6286_02-18-week3-FAILING_AND_PASSING,343548093,spirals-bears,16,458884032,506462208
f6547159-c29d-40d6-8a8e-3c2ad13c6286_02-18-week3-FAILING_AND_PASSING,343720415,spirals-bears,16,458883960,506462208
f6547159-c29d-40d6-8a8e-3c2ad13c6286_02-18-week3-FAILING_AND_PASSING,343985540,spirals-bears,16,458888976,506462208
f6547159-c29d-40d6-8a8e-3c2ad13c6286_02-18-week3-FAILING_AND_PASSING,343653582,spirals-bears,16,458884000,506462208
f6547159-c29d-40d6-8a8e-3c2ad13c6286_02-18-week3-FAILING_AND_PASSING,343328404,spirals-bears,16,458889088,506462208
f6547159-c29d-40d6-8a8e-3c2ad13c6286_02-18-week3-FAILING_AND_PASSING,342541905,spirals-bears,16,458883648,506462208
f6547159-c29d-40d6-8a8e-3c2ad13c6286_02-18-week3-FAILING_AND_PASSING,342673277,spirals-bears,16,458884160,506462208
f6547159-c29d-40d6-8a8e-3c2ad13c6286_02-18-week3-FAILING_AND_PASSING,342664757,spirals-bears,16,458884184,506462208
f6547159-c29d-40d6-8a8e-3c2ad13c6286_02-18-week3-FAILING_AND_PASSING,340282650,spirals-bears,16,458889072,506462208
f6547159-c29d-40d6-8a8e-3c2ad13c6286_02-18-week3-FAILING_AND_PASSING,342002647,spirals-bears,16,458884280,506462208
f6547159-c29d-40d6-8a8e-3c2ad13c6286_02-18-week3-FAILING_AND_PASSING,342439660,spirals-bears,16,458890104,506462208
f6547159-c29d-40d6-8a8e-3c2ad13c6286_02-18-week3-FAILING_AND_PASSING,342284009,spirals-bears,16,458883816,506462208
f6547159-c29d-40d6-8a8e-3c2ad13c6286_02-18-week3-FAILING_AND_PASSING,342033316,spirals-bears,16,458890384,506462208
f6547159-c29d-40d6-8a8e-3c2ad13c6286_02-18-week3-FAILING_AND_PASSING,341895688,spirals-bears,16,458883664,506462208
f6547159-c29d-40d6-8a8e-3c2ad13c6286_02-18-week3-FAILING_AND_PASSING,342043747,spirals-bears,16,458889968,506462208
f6547159-c29d-40d6-8a8e-3c2ad13c6286_02-18-week3-FAILING_AND_PASSING,341610886,spirals-bears,16,458884152,506462208
f6547159-c29d-40d6-8a8e-3c2ad13c6286_02-18-week3-FAILING_AND_PASSING,341887951,spirals-bears,16,458884248,506462208
f6547159-c29d-40d6-8a8e-3c2ad13c6286_02-18-week3-FAILING_AND_PASSING,341661507,spirals-bears,16,458884104,506462208
f6547159-c29d-40d6-8a8e-3c2ad13c6286_02-18-week3-FAILING_AND_PASSING,344439521,spirals-bears,16,458889936,506462208
f6547159-c29d-40d6-8a8e-3c2ad13c6286_02-18-week3-FAILING_AND_PASSING,343901433,spirals-bears,16,458890024,506462208
f6547159-c29d-40d6-8a8e-3c2ad13c6286_02-18-week3-FAILING_AND_PASSING,344376798,spirals-bears,16,458890000,506462208
f6547159-c29d-40d6-8a8e-3c2ad13c6286_02-18-week3-FAILING_AND_PASSING,344263526,spirals-bears,16,458884040,506462208
f6547159-c29d-40d6-8a8e-3c2ad13c6286_02-18-week3-FAILING_AND_PASSING,343922983,spirals-bears,16,458884192,506462208
f6547159-c29d-40d6-8a8e-3c2ad13c6286_02-18-week3-FAILING_AND_PASSING,341999159,spirals-bears,16,458890296,506462208
f6547159-c29d-40d6-8a8e-3c2ad13c6286_02-18-week3-FAILING_AND_PASSING,342740479,spirals-bears,16,458884048,506462208
f6547159-c29d-40d6-8a8e-3c2ad13c6286_02-18-week3-FAILING_AND_PASSING,341617410,spirals-bears,16,458889976,506462208
f6547159-c29d-40d6-8a8e-3c2ad13c6286_02-18-week3-FAILING_AND_PASSING,342333413,spirals-bears,16,458884088,506462208
f6547159-c29d-40d6-8a8e-3c2ad13c6286_02-18-week3-FAILING_AND_PASSING,343421302,spirals-bears,16,458884440,506462208
f6547159-c29d-40d6-8a8e-3c2ad13c6286_02-18-week3-FAILING_AND_PASSING,341918688,spirals-bears,16,458883912,506462208
f6547159-c29d-40d6-8a8e-3c2ad13c6286_02-18-week3-FAILING_AND_PASSING,335272856,spirals-bears,16,458896288,506462208
f6547159-c29d-40d6-8a8e-3c2ad13c6286_02-18-week3-FAILING_AND_PASSING,333337291,spirals-bears,16,458890120,506462208
f6547159-c29d-40d6-8a8e-3c2ad13c6286_02-18-week3-FAILING_AND_PASSING,344350835,spirals-bears,16,458883888,506462208
f6547159-c29d-40d6-8a8e-3c2ad13c6286_02-18-week3-FAILING_AND_PASSING,344057707,spirals-bears,16,458883952,506462208
f6547159-c29d-40d6-8a8e-3c2ad13c6286_02-18-week3-FAILING_AND_PASSING,343566952,spirals-bears,16,458884256,506462208
f6547159-c29d-40d6-8a8e-3c2ad13c6286_02-18-week3-FAILING_AND_PASSING,343161723,spirals-bears,16,458890392,506462208
f6547159-c29d-40d6-8a8e-3c2ad13c6286_02-18-week3-FAILING_AND_PASSING,343382626,spirals-bears,16,458884296,506462208
f6547159-c29d-40d6-8a8e-3c2ad13c6286_02-18-week3-FAILING_AND_PASSING,342435871,spirals-bears,16,458890384,506462208
f6547159-c29d-40d6-8a8e-3c2ad13c6286_02-18-week3-FAILING_AND_PASSING,342137428,spirals-bears,16,458889304,506462208
f6547159-c29d-40d6-8a8e-3c2ad13c6286_02-18-week3-FAILING_AND_PASSING,340671206,spirals-bears,16,458889808,506462208
f6547159-c29d-40d6-8a8e-3c2ad13c6286_02-18-week3-FAILING_AND_PASSING,341827440,spirals-bears,16,458888728,506462208
f6547159-c29d-40d6-8a8e-3c2ad13c6286_02-18-week3-FAILING_AND_PASSING,344519540,spirals-bears,16,458890552,506462208
f6547159-c29d-40d6-8a8e-3c2ad13c6286_02-18-week3-FAILING_AND_PASSING,340471724,spirals-bears,16,458883624,506462208
f6547159-c29d-40d6-8a8e-3c2ad13c6286_02-18-week3-FAILING_AND_PASSING,343115876,spirals-bears,16,458889952,506462208
f6547159-c29d-40d6-8a8e-3c2ad13c6286_02-18-week3-FAILING_AND_PASSING,343001445,spirals-bears,16,458884000,506462208
f6547159-c29d-40d6-8a8e-3c2ad13c6286_02-18-week3-FAILING_AND_PASSING,342996270,spirals-bears,16,458890424,506462208
f6547159-c29d-40d6-8a8e-3c2ad13c6286_02-18-week3-FAILING_AND_PASSING,342767952,spirals-bears,16,458890712,506462208
f6547159-c29d-40d6-8a8e-3c2ad13c6286_02-18-week3-FAILING_AND_PASSING,341616722,spirals-bears,16,458889864,506462208
f6547159-c29d-40d6-8a8e-3c2ad13c6286_02-18-week3-FAILING_AND_PASSING,344350466,spirals-bears,16,458884176,506462208
f6547159-c29d-40d6-8a8e-3c2ad13c6286_02-18-week3-FAILING_AND_PASSING,344209573,spirals-bears,16,458890008,506462208
f6547159-c29d-40d6-8a8e-3c2ad13c6286_02-18-week3-FAILING_AND_PASSING,343940847,spirals-bears,16,458888864,506462208
f6547159-c29d-40d6-8a8e-3c2ad13c6286_02-18-week3-FAILING_AND_PASSING,343940807,spirals-bears,16,458889968,506462208
f6547159-c29d-40d6-8a8e-3c2ad13c6286_02-18-week3-FAILING_AND_PASSING,343824876,spirals-bears,16,458883840,506462208
f6547159-c29d-40d6-8a8e-3c2ad13c6286_02-18-week3-FAILING_AND_PASSING,343699588,spirals-bears,16,458890288,506462208
f6547159-c29d-40d6-8a8e-3c2ad13c6286_02-18-week3-FAILING_AND_PASSING,343513767,spirals-bears,16,458884520,506462208
f6547159-c29d-40d6-8a8e-3c2ad13c6286_02-18-week3-FAILING_AND_PASSING,343361694,spirals-bears,16,458889864,506462208
f6547159-c29d-40d6-8a8e-3c2ad13c6286_02-18-week3-FAILING_AND_PASSING,343361715,spirals-bears,16,458884192,506462208
f6547159-c29d-40d6-8a8e-3c2ad13c6286_02-18-week3-FAILING_AND_PASSING,343273635,spirals-bears,16,458883736,506462208
f6547159-c29d-40d6-8a8e-3c2ad13c6286_02-18-week3-FAILING_AND_PASSING,341425922,spirals-bears,16,458884336,506462208
f6547159-c29d-40d6-8a8e-3c2ad13c6286_02-18-week3-FAILING_AND_PASSING,341425876,spirals-bears,16,458884096,506462208
f6547159-c29d-40d6-8a8e-3c2ad13c6286_02-18-week3-FAILING_AND_PASSING,340677100,spirals-bears,16,458884184,506462208
f6547159-c29d-40d6-8a8e-3c2ad13c6286_02-18-week3-FAILING_AND_PASSING,340677012,spirals-bears,16,458883896,506462208
f6547159-c29d-40d6-8a8e-3c2ad13c6286_02-18-week3-FAILING_AND_PASSING,344459909,spirals-bears,16,458884272,506462208
f6547159-c29d-40d6-8a8e-3c2ad13c6286_02-18-week3-FAILING_AND_PASSING,344493554,spirals-bears,16,458889912,506462208
f6547159-c29d-40d6-8a8e-3c2ad13c6286_02-18-week3-FAILING_AND_PASSING,344436939,spirals-bears,16,458890064,506462208
f6547159-c29d-40d6-8a8e-3c2ad13c6286_02-18-week3-FAILING_AND_PASSING,344493531,spirals-bears,16,458883960,506462208
f6547159-c29d-40d6-8a8e-3c2ad13c6286_02-18-week3-FAILING_AND_PASSING,344201923,spirals-bears,16,458883632,506462208
f6547159-c29d-40d6-8a8e-3c2ad13c6286_02-18-week3-FAILING_AND_PASSING,344186519,spirals-bears,16,458884080,506462208
f6547159-c29d-40d6-8a8e-3c2ad13c6286_02-18-week3-FAILING_AND_PASSING,344186513,spirals-bears,16,458889864,506462208
f6547159-c29d-40d6-8a8e-3c2ad13c6286_02-18-week3-FAILING_AND_PASSING,344184337,spirals-bears,16,458884128,506462208
f6547159-c29d-40d6-8a8e-3c2ad13c6286_02-18-week3-FAILING_AND_PASSING,344135675,spirals-bears,16,458884208,506462208
f6547159-c29d-40d6-8a8e-3c2ad13c6286_02-18-week3-FAILING_AND_PASSING,344073644,spirals-bears,16,458890336,506462208
f6547159-c29d-40d6-8a8e-3c2ad13c6286_02-18-week3-FAILING_AND_PASSING,344097734,spirals-bears,16,458890024,506462208
f6547159-c29d-40d6-8a8e-3c2ad13c6286_02-18-week3-FAILING_AND_PASSING,344073668,spirals-bears,16,458884568,506462208
f6547159-c29d-40d6-8a8e-3c2ad13c6286_02-18-week3-FAILING_AND_PASSING,344068753,spirals-bears,16,458884160,506462208
f6547159-c29d-40d6-8a8e-3c2ad13c6286_02-18-week3-FAILING_AND_PASSING,344068751,spirals-bears,16,458890288,506462208
f6547159-c29d-40d6-8a8e-3c2ad13c6286_02-18-week3-FAILING_AND_PASSING,343649741,spirals-bears,16,458896544,506462208
f6547159-c29d-40d6-8a8e-3c2ad13c6286_02-18-week3-FAILING_AND_PASSING,343636927,spirals-bears,16,458889824,506462208
f6547159-c29d-40d6-8a8e-3c2ad13c6286_02-18-week3-FAILING_AND_PASSING,343586261,spirals-bears,16,458884016,506462208
f6547159-c29d-40d6-8a8e-3c2ad13c6286_02-18-week3-FAILING_AND_PASSING,343586242,spirals-bears,16,458889224,506462208
f6547159-c29d-40d6-8a8e-3c2ad13c6286_02-18-week3-FAILING_AND_PASSING,343551267,spirals-bears,16,458884080,506462208
f6547159-c29d-40d6-8a8e-3c2ad13c6286_02-18-week3-FAILING_AND_PASSING,343551477,spirals-bears,16,458884120,506462208
f6547159-c29d-40d6-8a8e-3c2ad13c6286_02-18-week3-FAILING_AND_PASSING,343495667,spirals-bears,16,458884248,506462208
f6547159-c29d-40d6-8a8e-3c2ad13c6286_02-18-week3-FAILING_AND_PASSING,343495895,spirals-bears,16,458890328,506462208
f6547159-c29d-40d6-8a8e-3c2ad13c6286_02-18-week3-FAILING_AND_PASSING,343516106,spirals-bears,16,458883992,506462208
f6547159-c29d-40d6-8a8e-3c2ad13c6286_02-18-week3-FAILING_AND_PASSING,342877653,spirals-bears,16,458896440,506462208
f6547159-c29d-40d6-8a8e-3c2ad13c6286_02-18-week3-FAILING_AND_PASSING,342653097,spirals-bears,16,458889928,506462208
f6547159-c29d-40d6-8a8e-3c2ad13c6286_02-18-week3-FAILING_AND_PASSING,342653257,spirals-bears,16,458884080,506462208
f6547159-c29d-40d6-8a8e-3c2ad13c6286_02-18-week3-FAILING_AND_PASSING,342588291,spirals-bears,16,458890024,506462208
f6547159-c29d-40d6-8a8e-3c2ad13c6286_02-18-week3-FAILING_AND_PASSING,342558437,spirals-bears,16,458889944,506462208
f6547159-c29d-40d6-8a8e-3c2ad13c6286_02-18-week3-FAILING_AND_PASSING,341701983,spirals-bears,16,458883696,506462208
f6547159-c29d-40d6-8a8e-3c2ad13c6286_02-18-week3-FAILING_AND_PASSING,342197604,spirals-bears,16,458883992,506462208
f6547159-c29d-40d6-8a8e-3c2ad13c6286_02-18-week3-FAILING_AND_PASSING,342188735,spirals-bears,16,458884024,506462208
f6547159-c29d-40d6-8a8e-3c2ad13c6286_02-18-week3-FAILING_AND_PASSING,342188718,spirals-bears,16,458890376,506462208
f6547159-c29d-40d6-8a8e-3c2ad13c6286_02-18-week3-FAILING_AND_PASSING,341990820,spirals-bears,16,458890376,506462208
f6547159-c29d-40d6-8a8e-3c2ad13c6286_02-18-week3-FAILING_AND_PASSING,342051349,spirals-bears,16,458889832,506462208
f6547159-c29d-40d6-8a8e-3c2ad13c6286_02-18-week3-FAILING_AND_PASSING,341758638,spirals-bears,16,458889776,506462208
f6547159-c29d-40d6-8a8e-3c2ad13c6286_02-18-week3-FAILING_AND_PASSING,341758640,spirals-bears,16,458883952,506462208
f6547159-c29d-40d6-8a8e-3c2ad13c6286_02-18-week3-FAILING_AND_PASSING,341707253,spirals-bears,16,458884080,506462208
f6547159-c29d-40d6-8a8e-3c2ad13c6286_02-18-week3-FAILING_AND_PASSING,341711813,spirals-bears,16,458888800,506462208
f6547159-c29d-40d6-8a8e-3c2ad13c6286_02-18-week3-FAILING_AND_PASSING,329282873,spirals-bears,16,458884424,506462208
f6547159-c29d-40d6-8a8e-3c2ad13c6286_02-18-week3-FAILING_AND_PASSING,341364283,spirals-bears,16,458889920,506462208
f6547159-c29d-40d6-8a8e-3c2ad13c6286_02-18-week3-FAILING_AND_PASSING,343811503,spirals-bears,16,458890152,506462208
f6547159-c29d-40d6-8a8e-3c2ad13c6286_02-18-week3-FAILING_AND_PASSING,343942016,spirals-bears,16,458884216,506462208
f6547159-c29d-40d6-8a8e-3c2ad13c6286_02-18-week3-FAILING_AND_PASSING,343557664,spirals-bears,16,458883968,506462208
f6547159-c29d-40d6-8a8e-3c2ad13c6286_02-18-week3-FAILING_AND_PASSING,343374087,spirals-bears,16,458887872,506462208
f6547159-c29d-40d6-8a8e-3c2ad13c6286_02-18-week3-FAILING_AND_PASSING,343291114,spirals-bears,16,458884048,506462208
f6547159-c29d-40d6-8a8e-3c2ad13c6286_02-18-week3-FAILING_AND_PASSING,343291662,spirals-bears,16,458884016,506462208
f6547159-c29d-40d6-8a8e-3c2ad13c6286_02-18-week3-FAILING_AND_PASSING,343193102,spirals-bears,16,458884536,506462208
f6547159-c29d-40d6-8a8e-3c2ad13c6286_02-18-week3-FAILING_AND_PASSING,343109183,spirals-bears,16,458884064,506462208
f6547159-c29d-40d6-8a8e-3c2ad13c6286_02-18-week3-FAILING_AND_PASSING,343055074,spirals-bears,16,458884160,506462208
f6547159-c29d-40d6-8a8e-3c2ad13c6286_02-18-week3-FAILING_AND_PASSING,342929348,spirals-bears,16,458890000,506462208
f6547159-c29d-40d6-8a8e-3c2ad13c6286_02-18-week3-FAILING_AND_PASSING,342908519,spirals-bears,16,458884080,506462208
f6547159-c29d-40d6-8a8e-3c2ad13c6286_02-18-week3-FAILING_AND_PASSING,342840630,spirals-bears,16,458884064,506462208
f6547159-c29d-40d6-8a8e-3c2ad13c6286_02-18-week3-FAILING_AND_PASSING,342776162,spirals-bears,16,458890152,506462208
f6547159-c29d-40d6-8a8e-3c2ad13c6286_02-18-week3-FAILING_AND_PASSING,342622018,spirals-bears,16,458889744,506462208
f6547159-c29d-40d6-8a8e-3c2ad13c6286_02-18-week3-FAILING_AND_PASSING,342692412,spirals-bears,16,458884040,506462208
f6547159-c29d-40d6-8a8e-3c2ad13c6286_02-18-week3-FAILING_AND_PASSING,342713461,spirals-bears,16,458890000,506462208
f6547159-c29d-40d6-8a8e-3c2ad13c6286_02-18-week3-FAILING_AND_PASSING,342592003,spirals-bears,16,458889992,506462208
f6547159-c29d-40d6-8a8e-3c2ad13c6286_02-18-week3-FAILING_AND_PASSING,342558206,spirals-bears,16,458889968,506462208
f6547159-c29d-40d6-8a8e-3c2ad13c6286_02-18-week3-FAILING_AND_PASSING,342443834,spirals-bears,16,458883672,506462208
f6547159-c29d-40d6-8a8e-3c2ad13c6286_02-18-week3-FAILING_AND_PASSING,342040188,spirals-bears,16,458884120,506462208
f6547159-c29d-40d6-8a8e-3c2ad13c6286_02-18-week3-FAILING_AND_PASSING,342235392,spirals-bears,16,458884672,506462208
f6547159-c29d-40d6-8a8e-3c2ad13c6286_02-18-week3-FAILING_AND_PASSING,342180352,spirals-bears,16,458884056,506462208
f6547159-c29d-40d6-8a8e-3c2ad13c6286_02-18-week3-FAILING_AND_PASSING,342168887,spirals-bears,16,458884256,506462208
f6547159-c29d-40d6-8a8e-3c2ad13c6286_02-18-week3-FAILING_AND_PASSING,342167656,spirals-bears,16,458889864,506462208
f6547159-c29d-40d6-8a8e-3c2ad13c6286_02-18-week3-FAILING_AND_PASSING,341908178,spirals-bears,16,458884624,506462208
f6547159-c29d-40d6-8a8e-3c2ad13c6286_02-18-week3-FAILING_AND_PASSING,341924965,spirals-bears,16,458888800,506462208
f6547159-c29d-40d6-8a8e-3c2ad13c6286_02-18-week3-FAILING_AND_PASSING,343712638,spirals-bears,16,458884512,506462208
f6547159-c29d-40d6-8a8e-3c2ad13c6286_02-18-week3-FAILING_AND_PASSING,343712865,spirals-bears,16,458889672,506462208
f6547159-c29d-40d6-8a8e-3c2ad13c6286_02-18-week3-FAILING_AND_PASSING,343691342,spirals-bears,16,458890328,506462208
f6547159-c29d-40d6-8a8e-3c2ad13c6286_02-18-week3-FAILING_AND_PASSING,343690876,spirals-bears,16,458884480,506462208
f6547159-c29d-40d6-8a8e-3c2ad13c6286_02-18-week3-FAILING_AND_PASSING,339322799,spirals-bears,16,458884064,506462208
f6547159-c29d-40d6-8a8e-3c2ad13c6286_02-18-week3-FAILING_AND_PASSING,343711398,spirals-bears,16,458884536,506462208
f6547159-c29d-40d6-8a8e-3c2ad13c6286_02-18-week3-FAILING_AND_PASSING,343711058,spirals-bears,16,458889872,506462208
f6547159-c29d-40d6-8a8e-3c2ad13c6286_02-18-week3-FAILING_AND_PASSING,339395429,spirals-bears,16,458884040,506462208
f6547159-c29d-40d6-8a8e-3c2ad13c6286_02-18-week3-FAILING_AND_PASSING,339395484,spirals-bears,16,458890088,506462208
f6547159-c29d-40d6-8a8e-3c2ad13c6286_02-18-week3-FAILING_AND_PASSING,343266523,spirals-bears,16,458889968,506462208
f6547159-c29d-40d6-8a8e-3c2ad13c6286_02-18-week3-FAILING_AND_PASSING,342233400,spirals-bears,16,458890232,506462208
f6547159-c29d-40d6-8a8e-3c2ad13c6286_02-18-week3-FAILING_AND_PASSING,342191502,spirals-bears,16,458884184,506462208
f6547159-c29d-40d6-8a8e-3c2ad13c6286_02-18-week3-FAILING_AND_PASSING,339322689,spirals-bears,16,458890000,506462208
f6547159-c29d-40d6-8a8e-3c2ad13c6286_02-18-week3-FAILING_AND_PASSING,339320231,spirals-bears,16,458883936,506462208
f6547159-c29d-40d6-8a8e-3c2ad13c6286_02-18-week3-FAILING_AND_PASSING,341725425,spirals-bears,16,458884096,506462208
f6547159-c29d-40d6-8a8e-3c2ad13c6286_02-18-week3-FAILING_AND_PASSING,341891050,spirals-bears,16,458890096,506462208
f6547159-c29d-40d6-8a8e-3c2ad13c6286_02-18-week3-FAILING_AND_PASSING,341674464,spirals-bears,16,458890320,506462208
f6547159-c29d-40d6-8a8e-3c2ad13c6286_02-18-week3-FAILING_AND_PASSING,341668660,spirals-bears,16,458890288,506462208
f6547159-c29d-40d6-8a8e-3c2ad13c6286_02-18-week3-FAILING_AND_PASSING,344416514,spirals-bears,16,458883624,506462208
f6547159-c29d-40d6-8a8e-3c2ad13c6286_02-18-week3-FAILING_AND_PASSING,343629158,spirals-bears,16,458890168,506462208
f6547159-c29d-40d6-8a8e-3c2ad13c6286_02-18-week3-FAILING_AND_PASSING,342371195,spirals-bears,16,458896096,506462208
f6547159-c29d-40d6-8a8e-3c2ad13c6286_02-18-week3-FAILING_AND_PASSING,342479519,spirals-bears,16,458884168,506462208
f6547159-c29d-40d6-8a8e-3c2ad13c6286_02-18-week3-FAILING_AND_PASSING,338236047,spirals-bears,16,458895824,506462208
f6547159-c29d-40d6-8a8e-3c2ad13c6286_02-18-week3-FAILING_AND_PASSING,344292078,spirals-bears,16,458896400,506462208
f6547159-c29d-40d6-8a8e-3c2ad13c6286_02-18-week3-FAILING_AND_PASSING,342875675,spirals-bears,16,458889864,506462208
f6547159-c29d-40d6-8a8e-3c2ad13c6286_02-18-week3-FAILING_AND_PASSING,342875660,spirals-bears,16,458883968,506462208
f6547159-c29d-40d6-8a8e-3c2ad13c6286_02-18-week3-FAILING_AND_PASSING,341717564,spirals-bears,16,458889944,506462208
f6547159-c29d-40d6-8a8e-3c2ad13c6286_02-18-week3-FAILING_AND_PASSING,344403844,spirals-bears,16,458884232,506462208
f6547159-c29d-40d6-8a8e-3c2ad13c6286_02-18-week3-FAILING_AND_PASSING,344403803,spirals-bears,16,458896552,506462208
f6547159-c29d-40d6-8a8e-3c2ad13c6286_02-18-week3-FAILING_AND_PASSING,343964744,spirals-bears,16,458883048,506462208
f6547159-c29d-40d6-8a8e-3c2ad13c6286_02-18-week3-FAILING_AND_PASSING,343972971,spirals-bears,16,458884672,506462208
f6547159-c29d-40d6-8a8e-3c2ad13c6286_02-18-week3-FAILING_AND_PASSING,342409724,spirals-bears,16,458884336,506462208
f6547159-c29d-40d6-8a8e-3c2ad13c6286_02-18-week3-FAILING_AND_PASSING,342383044,spirals-bears,16,458884160,506462208
f6547159-c29d-40d6-8a8e-3c2ad13c6286_02-18-week3-FAILING_AND_PASSING,342597247,spirals-bears,16,458889928,506462208
f6547159-c29d-40d6-8a8e-3c2ad13c6286_02-18-week3-FAILING_AND_PASSING,342078790,spirals-bears,16,458890208,506462208
f6547159-c29d-40d6-8a8e-3c2ad13c6286_02-18-week3-FAILING_AND_PASSING,341938784,spirals-bears,16,458890440,506462208
f6547159-c29d-40d6-8a8e-3c2ad13c6286_02-18-week3-FAILING_AND_PASSING,342343237,spirals-bears,16,458884128,506462208
f6547159-c29d-40d6-8a8e-3c2ad13c6286_02-18-week3-FAILING_AND_PASSING,342062995,spirals-bears,16,458890120,506462208
f6547159-c29d-40d6-8a8e-3c2ad13c6286_02-18-week3-FAILING_AND_PASSING,342063618,spirals-bears,16,458884288,506462208
f6547159-c29d-40d6-8a8e-3c2ad13c6286_02-18-week3-FAILING_AND_PASSING,342063556,spirals-bears,16,458884248,506462208
f6547159-c29d-40d6-8a8e-3c2ad13c6286_02-18-week3-FAILING_AND_PASSING,341928794,spirals-bears,16,458884072,506462208
f6547159-c29d-40d6-8a8e-3c2ad13c6286_02-18-week3-FAILING_AND_PASSING,341659739,spirals-bears,16,458890000,506462208
f6547159-c29d-40d6-8a8e-3c2ad13c6286_02-18-week3-FAILING_AND_PASSING,336973211,spirals-bears,16,458883896,506462208
f6547159-c29d-40d6-8a8e-3c2ad13c6286_02-18-week3-FAILING_AND_PASSING,342590341,spirals-bears,16,458884320,506462208
f6547159-c29d-40d6-8a8e-3c2ad13c6286_02-18-week3-FAILING_AND_PASSING,343845777,spirals-bears,16,458884360,506462208
f6547159-c29d-40d6-8a8e-3c2ad13c6286_02-18-week3-FAILING_AND_PASSING,341925793,spirals-bears,16,458884568,506462208
f6547159-c29d-40d6-8a8e-3c2ad13c6286_02-18-week3-FAILING_AND_PASSING,341762759,spirals-bears,16,458884280,506462208
f6547159-c29d-40d6-8a8e-3c2ad13c6286_02-18-week3-FAILING_AND_PASSING,341054710,spirals-bears,16,458890352,506462208
f6547159-c29d-40d6-8a8e-3c2ad13c6286_02-18-week3-FAILING_AND_PASSING,344489407,spirals-bears,16,458883752,506462208
f6547159-c29d-40d6-8a8e-3c2ad13c6286_02-18-week3-FAILING_AND_PASSING,344373717,spirals-bears,16,458883968,506462208
f6547159-c29d-40d6-8a8e-3c2ad13c6286_02-18-week3-FAILING_AND_PASSING,344016373,spirals-bears,16,458884112,506462208
f6547159-c29d-40d6-8a8e-3c2ad13c6286_02-18-week3-FAILING_AND_PASSING,340763874,spirals-bears,16,458884080,506462208
f6547159-c29d-40d6-8a8e-3c2ad13c6286_02-18-week3-FAILING_AND_PASSING,344496146,spirals-bears,16,458889936,506462208
f6547159-c29d-40d6-8a8e-3c2ad13c6286_02-18-week3-FAILING_AND_PASSING,344496133,spirals-bears,16,458884216,506462208
f6547159-c29d-40d6-8a8e-3c2ad13c6286_02-18-week3-FAILING_AND_PASSING,342555436,spirals-bears,16,458883672,506462208
f6547159-c29d-40d6-8a8e-3c2ad13c6286_02-18-week3-FAILING_AND_PASSING,342555366,spirals-bears,16,458890232,506462208
f6547159-c29d-40d6-8a8e-3c2ad13c6286_02-18-week3-FAILING_AND_PASSING,342909094,spirals-bears,16,458896504,506462208
f6547159-c29d-40d6-8a8e-3c2ad13c6286_02-18-week3-FAILING_AND_PASSING,342908971,spirals-bears,16,458884144,506462208
f6547159-c29d-40d6-8a8e-3c2ad13c6286_02-18-week3-FAILING_AND_PASSING,342003660,spirals-bears,16,458889840,506462208
f6547159-c29d-40d6-8a8e-3c2ad13c6286_02-18-week3-FAILING_AND_PASSING,342003678,spirals-bears,16,458884032,506462208
f6547159-c29d-40d6-8a8e-3c2ad13c6286_02-18-week3-FAILING_AND_PASSING,341941160,spirals-bears,16,458890040,506462208
f6547159-c29d-40d6-8a8e-3c2ad13c6286_02-18-week3-FAILING_AND_PASSING,341941233,spirals-bears,16,458890096,506462208
f6547159-c29d-40d6-8a8e-3c2ad13c6286_02-18-week3-FAILING_AND_PASSING,341636353,spirals-bears,16,458896240,506462208
f6547159-c29d-40d6-8a8e-3c2ad13c6286_02-18-week3-FAILING_AND_PASSING,341636355,spirals-bears,16,458884104,506462208
f6547159-c29d-40d6-8a8e-3c2ad13c6286_02-18-week3-FAILING_AND_PASSING,343169341,spirals-bears,16,458884032,506462208
f6547159-c29d-40d6-8a8e-3c2ad13c6286_02-18-week3-FAILING_AND_PASSING,342691890,spirals-bears,16,458890272,506462208
f6547159-c29d-40d6-8a8e-3c2ad13c6286_02-18-week3-FAILING_AND_PASSING,342969973,spirals-bears,16,458884296,506462208
f6547159-c29d-40d6-8a8e-3c2ad13c6286_02-18-week3-FAILING_AND_PASSING,343930105,spirals-bears,16,458884432,506462208
f6547159-c29d-40d6-8a8e-3c2ad13c6286_02-18-week3-FAILING_AND_PASSING,342241695,spirals-bears,16,458889680,506462208
f6547159-c29d-40d6-8a8e-3c2ad13c6286_02-18-week3-FAILING_AND_PASSING,342459706,spirals-bears,16,458883824,506462208
f6547159-c29d-40d6-8a8e-3c2ad13c6286_02-18-week3-FAILING_AND_PASSING,342150058,spirals-bears,16,458884112,506462208
f6547159-c29d-40d6-8a8e-3c2ad13c6286_02-18-week3-FAILING_AND_PASSING,340290050,spirals-bears,16,458884184,506462208
f6547159-c29d-40d6-8a8e-3c2ad13c6286_02-18-week3-FAILING_AND_PASSING,330686336,spirals-bears,16,458884120,506462208
f6547159-c29d-40d6-8a8e-3c2ad13c6286_02-18-week3-FAILING_AND_PASSING,330686350,spirals-bears,16,458889344,506462208
f6547159-c29d-40d6-8a8e-3c2ad13c6286_02-18-week3-FAILING_AND_PASSING,335875455,spirals-bears,16,458883632,506462208
f6547159-c29d-40d6-8a8e-3c2ad13c6286_02-18-week3-FAILING_AND_PASSING,341781565,spirals-bears,16,458883896,506462208
f6547159-c29d-40d6-8a8e-3c2ad13c6286_02-18-week3-FAILING_AND_PASSING,341781591,spirals-bears,16,458884128,506462208
f6547159-c29d-40d6-8a8e-3c2ad13c6286_02-18-week3-FAILING_AND_PASSING,341337376,spirals-bears,16,458890288,506462208
f6547159-c29d-40d6-8a8e-3c2ad13c6286_02-18-week3-FAILING_AND_PASSING,341346653,spirals-bears,16,458884008,506462208
f6547159-c29d-40d6-8a8e-3c2ad13c6286_02-18-week3-FAILING_AND_PASSING,342411542,spirals-bears,16,458890152,506462208
f6547159-c29d-40d6-8a8e-3c2ad13c6286_02-18-week3-FAILING_AND_PASSING,343551279,spirals-bears,16,458889816,506462208
f6547159-c29d-40d6-8a8e-3c2ad13c6286_02-18-week3-FAILING_AND_PASSING,343084213,spirals-bears,16,458890000,506462208
f6547159-c29d-40d6-8a8e-3c2ad13c6286_02-18-week3-FAILING_AND_PASSING,342773192,spirals-bears,16,458890000,506462208
f6547159-c29d-40d6-8a8e-3c2ad13c6286_02-18-week3-FAILING_AND_PASSING,341863634,spirals-bears,16,458883864,506462208
f6547159-c29d-40d6-8a8e-3c2ad13c6286_02-18-week3-FAILING_AND_PASSING,343636512,spirals-bears,16,458889976,506462208
f6547159-c29d-40d6-8a8e-3c2ad13c6286_02-18-week3-FAILING_AND_PASSING,342293638,spirals-bears,16,458889824,506462208
f6547159-c29d-40d6-8a8e-3c2ad13c6286_02-18-week3-FAILING_AND_PASSING,341564987,spirals-bears,16,458889952,506462208
f6547159-c29d-40d6-8a8e-3c2ad13c6286_02-18-week3-FAILING_AND_PASSING,341056377,spirals-bears,16,458889856,506462208
f6547159-c29d-40d6-8a8e-3c2ad13c6286_02-18-week3-FAILING_AND_PASSING,341417114,spirals-bears,16,458890000,506462208
f6547159-c29d-40d6-8a8e-3c2ad13c6286_02-18-week3-FAILING_AND_PASSING,342431455,spirals-bears,16,458889952,506462208
f6547159-c29d-40d6-8a8e-3c2ad13c6286_02-18-week3-FAILING_AND_PASSING,343724871,spirals-bears,16,458890000,506462208
f6547159-c29d-40d6-8a8e-3c2ad13c6286_02-18-week3-FAILING_AND_PASSING,343710487,spirals-bears,16,458890008,506462208
f6547159-c29d-40d6-8a8e-3c2ad13c6286_02-18-week3-FAILING_AND_PASSING,343370487,spirals-bears,16,458884544,506462208
f6547159-c29d-40d6-8a8e-3c2ad13c6286_02-18-week3-FAILING_AND_PASSING,343269385,spirals-bears,16,458884008,506462208
f6547159-c29d-40d6-8a8e-3c2ad13c6286_02-18-week3-FAILING_AND_PASSING,342355964,spirals-bears,16,458884288,506462208
f6547159-c29d-40d6-8a8e-3c2ad13c6286_02-18-week3-FAILING_AND_PASSING,342316797,spirals-bears,16,458890088,506462208
f6547159-c29d-40d6-8a8e-3c2ad13c6286_02-18-week3-FAILING_AND_PASSING,341887702,spirals-bears,16,458890000,506462208
f6547159-c29d-40d6-8a8e-3c2ad13c6286_02-18-week3-FAILING_AND_PASSING,341875233,spirals-bears,16,458890328,506462208
f6547159-c29d-40d6-8a8e-3c2ad13c6286_02-18-week3-FAILING_AND_PASSING,341797840,spirals-bears,16,458884016,506462208
f6547159-c29d-40d6-8a8e-3c2ad13c6286_02-18-week3-FAILING_AND_PASSING,342413673,spirals-bears,16,458884504,506462208
f6547159-c29d-40d6-8a8e-3c2ad13c6286_02-18-week3-FAILING_AND_PASSING,343969968,spirals-bears,16,458889944,506462208
f6547159-c29d-40d6-8a8e-3c2ad13c6286_02-18-week3-FAILING_AND_PASSING,342801319,spirals-bears,16,458889984,506462208
f6547159-c29d-40d6-8a8e-3c2ad13c6286_02-18-week3-FAILING_AND_PASSING,342375968,spirals-bears,16,458884464,506462208
f6547159-c29d-40d6-8a8e-3c2ad13c6286_02-18-week3-FAILING_AND_PASSING,342365978,spirals-bears,16,458884056,506462208
f6547159-c29d-40d6-8a8e-3c2ad13c6286_02-18-week3-FAILING_AND_PASSING,344329681,spirals-bears,16,458889928,506462208
f6547159-c29d-40d6-8a8e-3c2ad13c6286_02-18-week3-FAILING_AND_PASSING,343838016,spirals-bears,16,458884584,506462208
f6547159-c29d-40d6-8a8e-3c2ad13c6286_02-18-week3-FAILING_AND_PASSING,344187747,spirals-bears,16,458890392,506462208
f6547159-c29d-40d6-8a8e-3c2ad13c6286_02-18-week3-FAILING_AND_PASSING,343373024,spirals-bears,16,458883696,506462208
f6547159-c29d-40d6-8a8e-3c2ad13c6286_02-18-week3-FAILING_AND_PASSING,343328565,spirals-bears,16,458890528,506462208
f6547159-c29d-40d6-8a8e-3c2ad13c6286_02-18-week3-FAILING_AND_PASSING,285925513,spirals-bears,16,458883832,506462208
f6547159-c29d-40d6-8a8e-3c2ad13c6286_02-18-week3-FAILING_AND_PASSING,343277334,spirals-bears,16,458884104,506462208
f6547159-c29d-40d6-8a8e-3c2ad13c6286_02-18-week3-FAILING_AND_PASSING,341757406,spirals-bears,16,458884128,506462208
f6547159-c29d-40d6-8a8e-3c2ad13c6286_02-18-week3-FAILING_AND_PASSING,344057061,spirals-bears,16,458884368,506462208
f6547159-c29d-40d6-8a8e-3c2ad13c6286_02-18-week3-FAILING_AND_PASSING,343707926,spirals-bears,16,458884184,506462208
f6547159-c29d-40d6-8a8e-3c2ad13c6286_02-18-week3-FAILING_AND_PASSING,343451761,spirals-bears,16,458884280,506462208
f6547159-c29d-40d6-8a8e-3c2ad13c6286_02-18-week3-FAILING_AND_PASSING,342221867,spirals-bears,16,458884592,506462208
f6547159-c29d-40d6-8a8e-3c2ad13c6286_02-18-week3-FAILING_AND_PASSING,343557607,spirals-bears,16,458896296,506462208
f6547159-c29d-40d6-8a8e-3c2ad13c6286_02-18-week3-FAILING_AND_PASSING,343557636,spirals-bears,16,458884008,506462208
f6547159-c29d-40d6-8a8e-3c2ad13c6286_02-18-week3-FAILING_AND_PASSING,342476502,spirals-bears,16,458889640,506462208
f6547159-c29d-40d6-8a8e-3c2ad13c6286_02-18-week3-FAILING_AND_PASSING,343639585,spirals-bears,16,458889920,506462208
f6547159-c29d-40d6-8a8e-3c2ad13c6286_02-18-week3-FAILING_AND_PASSING,343474903,spirals-bears,16,458884448,506462208
f6547159-c29d-40d6-8a8e-3c2ad13c6286_02-18-week3-FAILING_AND_PASSING,341869451,spirals-bears,16,458884496,506462208
f6547159-c29d-40d6-8a8e-3c2ad13c6286_02-18-week3-FAILING_AND_PASSING,342796298,spirals-bears,16,458884088,506462208
f6547159-c29d-40d6-8a8e-3c2ad13c6286_02-18-week3-FAILING_AND_PASSING,342796100,spirals-bears,16,458884008,506462208
f6547159-c29d-40d6-8a8e-3c2ad13c6286_02-18-week3-FAILING_AND_PASSING,341102336,spirals-bears,16,458889928,506462208
f6547159-c29d-40d6-8a8e-3c2ad13c6286_02-18-week3-FAILING_AND_PASSING,341779296,spirals-bears,16,458883984,506462208
f6547159-c29d-40d6-8a8e-3c2ad13c6286_02-18-week3-FAILING_AND_PASSING,341687759,spirals-bears,16,458896176,506462208
f6547159-c29d-40d6-8a8e-3c2ad13c6286_02-18-week3-FAILING_AND_PASSING,344227900,spirals-bears,16,458884216,506462208
f6547159-c29d-40d6-8a8e-3c2ad13c6286_02-18-week3-FAILING_AND_PASSING,344052857,spirals-bears,16,458883968,506462208
f6547159-c29d-40d6-8a8e-3c2ad13c6286_02-18-week3-FAILING_AND_PASSING,343912934,spirals-bears,16,458889976,506462208
f6547159-c29d-40d6-8a8e-3c2ad13c6286_02-18-week3-FAILING_AND_PASSING,343886544,spirals-bears,16,458884040,506462208
f6547159-c29d-40d6-8a8e-3c2ad13c6286_02-18-week3-FAILING_AND_PASSING,343300260,spirals-bears,16,458890360,506462208
f6547159-c29d-40d6-8a8e-3c2ad13c6286_02-18-week3-FAILING_AND_PASSING,342853865,spirals-bears,16,458888888,506462208
f6547159-c29d-40d6-8a8e-3c2ad13c6286_02-18-week3-FAILING_AND_PASSING,342298899,spirals-bears,16,458884272,506462208
f6547159-c29d-40d6-8a8e-3c2ad13c6286_02-18-week3-FAILING_AND_PASSING,342048035,spirals-bears,16,458896184,506462208
f6547159-c29d-40d6-8a8e-3c2ad13c6286_02-18-week3-FAILING_AND_PASSING,341880554,spirals-bears,16,458884456,506462208
f6547159-c29d-40d6-8a8e-3c2ad13c6286_02-18-week3-FAILING_AND_PASSING,341806573,spirals-bears,16,458890360,506462208
