4c745e6f-5453-4a37-b2b3-14647c2331ea_03-18-week2-PASSING_AND_PASSING,dockerPool,spirals-bears,16,487961768,506462208
4c745e6f-5453-4a37-b2b3-14647c2331ea_03-18-week2-PASSING_AND_PASSING,352703235,spirals-bears,16,458890296,506462208
4c745e6f-5453-4a37-b2b3-14647c2331ea_03-18-week2-PASSING_AND_PASSING,352703099,spirals-bears,16,458889952,506462208
4c745e6f-5453-4a37-b2b3-14647c2331ea_03-18-week2-PASSING_AND_PASSING,352563691,spirals-bears,16,458890320,506462208
4c745e6f-5453-4a37-b2b3-14647c2331ea_03-18-week2-PASSING_AND_PASSING,352951407,spirals-bears,16,458892344,506462208
4c745e6f-5453-4a37-b2b3-14647c2331ea_03-18-week2-PASSING_AND_PASSING,352563316,spirals-bears,16,458889832,506462208
4c745e6f-5453-4a37-b2b3-14647c2331ea_03-18-week2-PASSING_AND_PASSING,350323925,spirals-bears,16,458889976,506462208
4c745e6f-5453-4a37-b2b3-14647c2331ea_03-18-week2-PASSING_AND_PASSING,353494336,spirals-bears,16,458889864,506462208
4c745e6f-5453-4a37-b2b3-14647c2331ea_03-18-week2-PASSING_AND_PASSING,353082583,spirals-bears,16,458890624,506462208
4c745e6f-5453-4a37-b2b3-14647c2331ea_03-18-week2-PASSING_AND_PASSING,353160281,spirals-bears,16,458890016,506462208
4c745e6f-5453-4a37-b2b3-14647c2331ea_03-18-week2-PASSING_AND_PASSING,352481581,spirals-bears,16,458884344,506462208
4c745e6f-5453-4a37-b2b3-14647c2331ea_03-18-week2-PASSING_AND_PASSING,353018561,spirals-bears,16,458890000,506462208
4c745e6f-5453-4a37-b2b3-14647c2331ea_03-18-week2-PASSING_AND_PASSING,353012793,spirals-bears,16,458884192,506462208
4c745e6f-5453-4a37-b2b3-14647c2331ea_03-18-week2-PASSING_AND_PASSING,352698402,spirals-bears,16,458890048,506462208
4c745e6f-5453-4a37-b2b3-14647c2331ea_03-18-week2-PASSING_AND_PASSING,352685175,spirals-bears,16,458889816,506462208
4c745e6f-5453-4a37-b2b3-14647c2331ea_03-18-week2-PASSING_AND_PASSING,352691526,spirals-bears,16,458884080,506462208
4c745e6f-5453-4a37-b2b3-14647c2331ea_03-18-week2-PASSING_AND_PASSING,352642959,spirals-bears,16,458889952,506462208
4c745e6f-5453-4a37-b2b3-14647c2331ea_03-18-week2-PASSING_AND_PASSING,352210513,spirals-bears,16,458889240,506462208
4c745e6f-5453-4a37-b2b3-14647c2331ea_03-18-week2-PASSING_AND_PASSING,350523736,spirals-bears,16,458884480,506462208
4c745e6f-5453-4a37-b2b3-14647c2331ea_03-18-week2-PASSING_AND_PASSING,352496806,spirals-bears,16,458889744,506462208
4c745e6f-5453-4a37-b2b3-14647c2331ea_03-18-week2-PASSING_AND_PASSING,347415554,spirals-bears,16,458884536,506462208
4c745e6f-5453-4a37-b2b3-14647c2331ea_03-18-week2-PASSING_AND_PASSING,348662999,spirals-bears,16,458884000,506462208
4c745e6f-5453-4a37-b2b3-14647c2331ea_03-18-week2-PASSING_AND_PASSING,352204755,spirals-bears,16,458896200,506462208
4c745e6f-5453-4a37-b2b3-14647c2331ea_03-18-week2-PASSING_AND_PASSING,352185953,spirals-bears,16,458890168,506462208
4c745e6f-5453-4a37-b2b3-14647c2331ea_03-18-week2-PASSING_AND_PASSING,350095683,spirals-bears,16,458889680,506462208
4c745e6f-5453-4a37-b2b3-14647c2331ea_03-18-week2-PASSING_AND_PASSING,351588398,spirals-bears,16,458884232,506462208
4c745e6f-5453-4a37-b2b3-14647c2331ea_03-18-week2-PASSING_AND_PASSING,351549314,spirals-bears,16,458890088,506462208
4c745e6f-5453-4a37-b2b3-14647c2331ea_03-18-week2-PASSING_AND_PASSING,351327070,spirals-bears,16,458889000,506462208
4c745e6f-5453-4a37-b2b3-14647c2331ea_03-18-week2-PASSING_AND_PASSING,351146154,spirals-bears,16,458883792,506462208
4c745e6f-5453-4a37-b2b3-14647c2331ea_03-18-week2-PASSING_AND_PASSING,351549110,spirals-bears,16,458896160,506462208
4c745e6f-5453-4a37-b2b3-14647c2331ea_03-18-week2-PASSING_AND_PASSING,351138887,spirals-bears,16,458889824,506462208
4c745e6f-5453-4a37-b2b3-14647c2331ea_03-18-week2-PASSING_AND_PASSING,351247713,spirals-bears,16,458884272,506462208
4c745e6f-5453-4a37-b2b3-14647c2331ea_03-18-week2-PASSING_AND_PASSING,351122045,spirals-bears,16,458890384,506462208
4c745e6f-5453-4a37-b2b3-14647c2331ea_03-18-week2-PASSING_AND_PASSING,349605335,spirals-bears,16,458884128,506462208
4c745e6f-5453-4a37-b2b3-14647c2331ea_03-18-week2-PASSING_AND_PASSING,350993953,spirals-bears,16,458890248,506462208
4c745e6f-5453-4a37-b2b3-14647c2331ea_03-18-week2-PASSING_AND_PASSING,350645863,spirals-bears,16,458889904,506462208
4c745e6f-5453-4a37-b2b3-14647c2331ea_03-18-week2-PASSING_AND_PASSING,350979168,spirals-bears,16,458889896,506462208
4c745e6f-5453-4a37-b2b3-14647c2331ea_03-18-week2-PASSING_AND_PASSING,350693510,spirals-bears,16,458888480,506462208
4c745e6f-5453-4a37-b2b3-14647c2331ea_03-18-week2-PASSING_AND_PASSING,347654851,spirals-bears,16,458889960,506462208
4c745e6f-5453-4a37-b2b3-14647c2331ea_03-18-week2-PASSING_AND_PASSING,350611144,spirals-bears,16,458890104,506462208
4c745e6f-5453-4a37-b2b3-14647c2331ea_03-18-week2-PASSING_AND_PASSING,350557373,spirals-bears,16,458889808,506462208
4c745e6f-5453-4a37-b2b3-14647c2331ea_03-18-week2-PASSING_AND_PASSING,350594123,spirals-bears,16,458884296,506462208
4c745e6f-5453-4a37-b2b3-14647c2331ea_03-18-week2-PASSING_AND_PASSING,350593030,spirals-bears,16,458890400,506462208
4c745e6f-5453-4a37-b2b3-14647c2331ea_03-18-week2-PASSING_AND_PASSING,350539662,spirals-bears,16,458889520,506462208
4c745e6f-5453-4a37-b2b3-14647c2331ea_03-18-week2-PASSING_AND_PASSING,350493695,spirals-bears,16,458884024,506462208
4c745e6f-5453-4a37-b2b3-14647c2331ea_03-18-week2-PASSING_AND_PASSING,353050978,spirals-bears,16,458884024,506462208
4c745e6f-5453-4a37-b2b3-14647c2331ea_03-18-week2-PASSING_AND_PASSING,351732645,spirals-bears,16,458884128,506462208
4c745e6f-5453-4a37-b2b3-14647c2331ea_03-18-week2-PASSING_AND_PASSING,352091565,spirals-bears,16,458884624,506462208
4c745e6f-5453-4a37-b2b3-14647c2331ea_03-18-week2-PASSING_AND_PASSING,350520441,spirals-bears,16,458890032,506462208
4c745e6f-5453-4a37-b2b3-14647c2331ea_03-18-week2-PASSING_AND_PASSING,351259365,spirals-bears,16,458889968,506462208
4c745e6f-5453-4a37-b2b3-14647c2331ea_03-18-week2-PASSING_AND_PASSING,352901553,spirals-bears,16,458890112,506462208
4c745e6f-5453-4a37-b2b3-14647c2331ea_03-18-week2-PASSING_AND_PASSING,351055556,spirals-bears,16,458889912,506462208
4c745e6f-5453-4a37-b2b3-14647c2331ea_03-18-week2-PASSING_AND_PASSING,348413111,spirals-bears,16,458890088,506462208
4c745e6f-5453-4a37-b2b3-14647c2331ea_03-18-week2-PASSING_AND_PASSING,350885817,spirals-bears,16,458883816,506462208
4c745e6f-5453-4a37-b2b3-14647c2331ea_03-18-week2-PASSING_AND_PASSING,348273366,spirals-bears,16,458890408,506462208
4c745e6f-5453-4a37-b2b3-14647c2331ea_03-18-week2-PASSING_AND_PASSING,347443127,spirals-bears,16,458897344,506462208
4c745e6f-5453-4a37-b2b3-14647c2331ea_03-18-week2-PASSING_AND_PASSING,350131481,spirals-bears,16,458890000,506462208
4c745e6f-5453-4a37-b2b3-14647c2331ea_03-18-week2-PASSING_AND_PASSING,349673543,spirals-bears,16,458883760,506462208
4c745e6f-5453-4a37-b2b3-14647c2331ea_03-18-week2-PASSING_AND_PASSING,352033552,spirals-bears,16,458884032,506462208
4c745e6f-5453-4a37-b2b3-14647c2331ea_03-18-week2-PASSING_AND_PASSING,352876774,spirals-bears,16,458884080,506462208
4c745e6f-5453-4a37-b2b3-14647c2331ea_03-18-week2-PASSING_AND_PASSING,352679225,spirals-bears,16,458889840,506462208
4c745e6f-5453-4a37-b2b3-14647c2331ea_03-18-week2-PASSING_AND_PASSING,351932359,spirals-bears,16,458889936,506462208
4c745e6f-5453-4a37-b2b3-14647c2331ea_03-18-week2-PASSING_AND_PASSING,351819297,spirals-bears,16,458884304,506462208
4c745e6f-5453-4a37-b2b3-14647c2331ea_03-18-week2-PASSING_AND_PASSING,351009932,spirals-bears,16,458884120,506462208
4c745e6f-5453-4a37-b2b3-14647c2331ea_03-18-week2-PASSING_AND_PASSING,350240038,spirals-bears,16,458890024,506462208
4c745e6f-5453-4a37-b2b3-14647c2331ea_03-18-week2-PASSING_AND_PASSING,351006034,spirals-bears,16,458890288,506462208
4c745e6f-5453-4a37-b2b3-14647c2331ea_03-18-week2-PASSING_AND_PASSING,350994168,spirals-bears,16,458896144,506462208
4c745e6f-5453-4a37-b2b3-14647c2331ea_03-18-week2-PASSING_AND_PASSING,350562980,spirals-bears,16,458896136,506462208
4c745e6f-5453-4a37-b2b3-14647c2331ea_03-18-week2-PASSING_AND_PASSING,352449556,spirals-bears,16,458884208,506462208
4c745e6f-5453-4a37-b2b3-14647c2331ea_03-18-week2-PASSING_AND_PASSING,352416413,spirals-bears,16,458884056,506462208
4c745e6f-5453-4a37-b2b3-14647c2331ea_03-18-week2-PASSING_AND_PASSING,350508265,spirals-bears,16,458892696,506462208
4c745e6f-5453-4a37-b2b3-14647c2331ea_03-18-week2-PASSING_AND_PASSING,352333244,spirals-bears,16,458884184,506462208
4c745e6f-5453-4a37-b2b3-14647c2331ea_03-18-week2-PASSING_AND_PASSING,352053707,spirals-bears,16,458889880,506462208
4c745e6f-5453-4a37-b2b3-14647c2331ea_03-18-week2-PASSING_AND_PASSING,352029683,spirals-bears,16,458889968,506462208
4c745e6f-5453-4a37-b2b3-14647c2331ea_03-18-week2-PASSING_AND_PASSING,351976623,spirals-bears,16,458890152,506462208
4c745e6f-5453-4a37-b2b3-14647c2331ea_03-18-week2-PASSING_AND_PASSING,351555601,spirals-bears,16,458884000,506462208
4c745e6f-5453-4a37-b2b3-14647c2331ea_03-18-week2-PASSING_AND_PASSING,351621555,spirals-bears,16,458884392,506462208
4c745e6f-5453-4a37-b2b3-14647c2331ea_03-18-week2-PASSING_AND_PASSING,351618006,spirals-bears,16,458883968,506462208
4c745e6f-5453-4a37-b2b3-14647c2331ea_03-18-week2-PASSING_AND_PASSING,351616365,spirals-bears,16,458886488,506462208
4c745e6f-5453-4a37-b2b3-14647c2331ea_03-18-week2-PASSING_AND_PASSING,351615974,spirals-bears,16,458889968,506462208
4c745e6f-5453-4a37-b2b3-14647c2331ea_03-18-week2-PASSING_AND_PASSING,351611176,spirals-bears,16,458890352,506462208
4c745e6f-5453-4a37-b2b3-14647c2331ea_03-18-week2-PASSING_AND_PASSING,347400418,spirals-bears,16,458884056,506462208
4c745e6f-5453-4a37-b2b3-14647c2331ea_03-18-week2-PASSING_AND_PASSING,350298427,spirals-bears,16,458896376,506462208
4c745e6f-5453-4a37-b2b3-14647c2331ea_03-18-week2-PASSING_AND_PASSING,349927614,spirals-bears,16,458889928,506462208
4c745e6f-5453-4a37-b2b3-14647c2331ea_03-18-week2-PASSING_AND_PASSING,350989825,spirals-bears,16,458890128,506462208
4c745e6f-5453-4a37-b2b3-14647c2331ea_03-18-week2-PASSING_AND_PASSING,341118766,spirals-bears,16,458883888,506462208
4c745e6f-5453-4a37-b2b3-14647c2331ea_03-18-week2-PASSING_AND_PASSING,350714199,spirals-bears,16,458884008,506462208
4c745e6f-5453-4a37-b2b3-14647c2331ea_03-18-week2-PASSING_AND_PASSING,346596002,spirals-bears,16,458895496,506462208
4c745e6f-5453-4a37-b2b3-14647c2331ea_03-18-week2-PASSING_AND_PASSING,351764901,spirals-bears,16,458888856,506462208
4c745e6f-5453-4a37-b2b3-14647c2331ea_03-18-week2-PASSING_AND_PASSING,351907235,spirals-bears,16,458884280,506462208
4c745e6f-5453-4a37-b2b3-14647c2331ea_03-18-week2-PASSING_AND_PASSING,353276246,spirals-bears,16,458890024,506462208
4c745e6f-5453-4a37-b2b3-14647c2331ea_03-18-week2-PASSING_AND_PASSING,353293601,spirals-bears,16,458890016,506462208
4c745e6f-5453-4a37-b2b3-14647c2331ea_03-18-week2-PASSING_AND_PASSING,353276136,spirals-bears,16,458896528,506462208
4c745e6f-5453-4a37-b2b3-14647c2331ea_03-18-week2-PASSING_AND_PASSING,353382941,spirals-bears,16,458896504,506462208
4c745e6f-5453-4a37-b2b3-14647c2331ea_03-18-week2-PASSING_AND_PASSING,353293587,spirals-bears,16,458884096,506462208
4c745e6f-5453-4a37-b2b3-14647c2331ea_03-18-week2-PASSING_AND_PASSING,353284598,spirals-bears,16,458884296,506462208
4c745e6f-5453-4a37-b2b3-14647c2331ea_03-18-week2-PASSING_AND_PASSING,353215227,spirals-bears,16,458896224,506462208
4c745e6f-5453-4a37-b2b3-14647c2331ea_03-18-week2-PASSING_AND_PASSING,353215219,spirals-bears,16,458890120,506462208
4c745e6f-5453-4a37-b2b3-14647c2331ea_03-18-week2-PASSING_AND_PASSING,353236210,spirals-bears,16,458890000,506462208
4c745e6f-5453-4a37-b2b3-14647c2331ea_03-18-week2-PASSING_AND_PASSING,352970678,spirals-bears,16,458889840,506462208
4c745e6f-5453-4a37-b2b3-14647c2331ea_03-18-week2-PASSING_AND_PASSING,352970605,spirals-bears,16,458884176,506462208
4c745e6f-5453-4a37-b2b3-14647c2331ea_03-18-week2-PASSING_AND_PASSING,352882510,spirals-bears,16,458884040,506462208
4c745e6f-5453-4a37-b2b3-14647c2331ea_03-18-week2-PASSING_AND_PASSING,352882283,spirals-bears,16,458884224,506462208
4c745e6f-5453-4a37-b2b3-14647c2331ea_03-18-week2-PASSING_AND_PASSING,352480521,spirals-bears,16,458890736,506462208
4c745e6f-5453-4a37-b2b3-14647c2331ea_03-18-week2-PASSING_AND_PASSING,352480505,spirals-bears,16,458883928,506462208
4c745e6f-5453-4a37-b2b3-14647c2331ea_03-18-week2-PASSING_AND_PASSING,352549719,spirals-bears,16,458884248,506462208
4c745e6f-5453-4a37-b2b3-14647c2331ea_03-18-week2-PASSING_AND_PASSING,352833678,spirals-bears,16,458889904,506462208
4c745e6f-5453-4a37-b2b3-14647c2331ea_03-18-week2-PASSING_AND_PASSING,352782190,spirals-bears,16,458883832,506462208
4c745e6f-5453-4a37-b2b3-14647c2331ea_03-18-week2-PASSING_AND_PASSING,352705937,spirals-bears,16,458884368,506462208
4c745e6f-5453-4a37-b2b3-14647c2331ea_03-18-week2-PASSING_AND_PASSING,352705913,spirals-bears,16,458884368,506462208
4c745e6f-5453-4a37-b2b3-14647c2331ea_03-18-week2-PASSING_AND_PASSING,352543377,spirals-bears,16,458889608,506462208
4c745e6f-5453-4a37-b2b3-14647c2331ea_03-18-week2-PASSING_AND_PASSING,352543369,spirals-bears,16,458889832,506462208
4c745e6f-5453-4a37-b2b3-14647c2331ea_03-18-week2-PASSING_AND_PASSING,352701609,spirals-bears,16,458884336,506462208
4c745e6f-5453-4a37-b2b3-14647c2331ea_03-18-week2-PASSING_AND_PASSING,352701639,spirals-bears,16,458890352,506462208
4c745e6f-5453-4a37-b2b3-14647c2331ea_03-18-week2-PASSING_AND_PASSING,352255395,spirals-bears,16,458889544,506462208
4c745e6f-5453-4a37-b2b3-14647c2331ea_03-18-week2-PASSING_AND_PASSING,352255430,spirals-bears,16,458889712,506462208
4c745e6f-5453-4a37-b2b3-14647c2331ea_03-18-week2-PASSING_AND_PASSING,352493015,spirals-bears,16,458890000,506462208
4c745e6f-5453-4a37-b2b3-14647c2331ea_03-18-week2-PASSING_AND_PASSING,351260897,spirals-bears,16,458888960,506462208
4c745e6f-5453-4a37-b2b3-14647c2331ea_03-18-week2-PASSING_AND_PASSING,352492795,spirals-bears,16,458884056,506462208
4c745e6f-5453-4a37-b2b3-14647c2331ea_03-18-week2-PASSING_AND_PASSING,352303159,spirals-bears,16,458889880,506462208
4c745e6f-5453-4a37-b2b3-14647c2331ea_03-18-week2-PASSING_AND_PASSING,352302639,spirals-bears,16,458890120,506462208
4c745e6f-5453-4a37-b2b3-14647c2331ea_03-18-week2-PASSING_AND_PASSING,352262015,spirals-bears,16,458884040,506462208
4c745e6f-5453-4a37-b2b3-14647c2331ea_03-18-week2-PASSING_AND_PASSING,352262002,spirals-bears,16,458889864,506462208
4c745e6f-5453-4a37-b2b3-14647c2331ea_03-18-week2-PASSING_AND_PASSING,352293771,spirals-bears,16,458890096,506462208
4c745e6f-5453-4a37-b2b3-14647c2331ea_03-18-week2-PASSING_AND_PASSING,351964615,spirals-bears,16,458884480,506462208
4c745e6f-5453-4a37-b2b3-14647c2331ea_03-18-week2-PASSING_AND_PASSING,352281164,spirals-bears,16,458884064,506462208
4c745e6f-5453-4a37-b2b3-14647c2331ea_03-18-week2-PASSING_AND_PASSING,352227132,spirals-bears,16,458884008,506462208
4c745e6f-5453-4a37-b2b3-14647c2331ea_03-18-week2-PASSING_AND_PASSING,352227106,spirals-bears,16,458884600,506462208
4c745e6f-5453-4a37-b2b3-14647c2331ea_03-18-week2-PASSING_AND_PASSING,351547252,spirals-bears,16,458884072,506462208
4c745e6f-5453-4a37-b2b3-14647c2331ea_03-18-week2-PASSING_AND_PASSING,351242728,spirals-bears,16,458889080,506462208
4c745e6f-5453-4a37-b2b3-14647c2331ea_03-18-week2-PASSING_AND_PASSING,351242745,spirals-bears,16,458883744,506462208
4c745e6f-5453-4a37-b2b3-14647c2331ea_03-18-week2-PASSING_AND_PASSING,351531574,spirals-bears,16,458884176,506462208
4c745e6f-5453-4a37-b2b3-14647c2331ea_03-18-week2-PASSING_AND_PASSING,350795138,spirals-bears,16,458883664,506462208
4c745e6f-5453-4a37-b2b3-14647c2331ea_03-18-week2-PASSING_AND_PASSING,351283421,spirals-bears,16,458884296,506462208
4c745e6f-5453-4a37-b2b3-14647c2331ea_03-18-week2-PASSING_AND_PASSING,351265711,spirals-bears,16,458884400,506462208
4c745e6f-5453-4a37-b2b3-14647c2331ea_03-18-week2-PASSING_AND_PASSING,351276521,spirals-bears,16,458888928,506462208
4c745e6f-5453-4a37-b2b3-14647c2331ea_03-18-week2-PASSING_AND_PASSING,351048287,spirals-bears,16,458890200,506462208
4c745e6f-5453-4a37-b2b3-14647c2331ea_03-18-week2-PASSING_AND_PASSING,351242048,spirals-bears,16,458884592,506462208
4c745e6f-5453-4a37-b2b3-14647c2331ea_03-18-week2-PASSING_AND_PASSING,351242057,spirals-bears,16,458884264,506462208
4c745e6f-5453-4a37-b2b3-14647c2331ea_03-18-week2-PASSING_AND_PASSING,351241648,spirals-bears,16,458889696,506462208
4c745e6f-5453-4a37-b2b3-14647c2331ea_03-18-week2-PASSING_AND_PASSING,351218748,spirals-bears,16,458890384,506462208
4c745e6f-5453-4a37-b2b3-14647c2331ea_03-18-week2-PASSING_AND_PASSING,350729884,spirals-bears,16,458889864,506462208
4c745e6f-5453-4a37-b2b3-14647c2331ea_03-18-week2-PASSING_AND_PASSING,350535935,spirals-bears,16,458883736,506462208
4c745e6f-5453-4a37-b2b3-14647c2331ea_03-18-week2-PASSING_AND_PASSING,350779530,spirals-bears,16,458888496,506462208
4c745e6f-5453-4a37-b2b3-14647c2331ea_03-18-week2-PASSING_AND_PASSING,350718448,spirals-bears,16,458884056,506462208
4c745e6f-5453-4a37-b2b3-14647c2331ea_03-18-week2-PASSING_AND_PASSING,350529614,spirals-bears,16,458884016,506462208
4c745e6f-5453-4a37-b2b3-14647c2331ea_03-18-week2-PASSING_AND_PASSING,353501904,spirals-bears,16,458884208,506462208
4c745e6f-5453-4a37-b2b3-14647c2331ea_03-18-week2-PASSING_AND_PASSING,353479755,spirals-bears,16,458894488,506462208
4c745e6f-5453-4a37-b2b3-14647c2331ea_03-18-week2-PASSING_AND_PASSING,353484688,spirals-bears,16,458890352,506462208
4c745e6f-5453-4a37-b2b3-14647c2331ea_03-18-week2-PASSING_AND_PASSING,353485072,spirals-bears,16,458889728,506462208
4c745e6f-5453-4a37-b2b3-14647c2331ea_03-18-week2-PASSING_AND_PASSING,353179111,spirals-bears,16,458889984,506462208
4c745e6f-5453-4a37-b2b3-14647c2331ea_03-18-week2-PASSING_AND_PASSING,353131375,spirals-bears,16,458883672,506462208
4c745e6f-5453-4a37-b2b3-14647c2331ea_03-18-week2-PASSING_AND_PASSING,353131366,spirals-bears,16,458890056,506462208
4c745e6f-5453-4a37-b2b3-14647c2331ea_03-18-week2-PASSING_AND_PASSING,352953353,spirals-bears,16,458896552,506462208
4c745e6f-5453-4a37-b2b3-14647c2331ea_03-18-week2-PASSING_AND_PASSING,352952387,spirals-bears,16,458889680,506462208
4c745e6f-5453-4a37-b2b3-14647c2331ea_03-18-week2-PASSING_AND_PASSING,352607313,spirals-bears,16,458890000,506462208
4c745e6f-5453-4a37-b2b3-14647c2331ea_03-18-week2-PASSING_AND_PASSING,352624607,spirals-bears,16,458890176,506462208
4c745e6f-5453-4a37-b2b3-14647c2331ea_03-18-week2-PASSING_AND_PASSING,352534837,spirals-bears,16,458883656,506462208
4c745e6f-5453-4a37-b2b3-14647c2331ea_03-18-week2-PASSING_AND_PASSING,352593346,spirals-bears,16,458888536,506462208
4c745e6f-5453-4a37-b2b3-14647c2331ea_03-18-week2-PASSING_AND_PASSING,352521377,spirals-bears,16,458884560,506462208
4c745e6f-5453-4a37-b2b3-14647c2331ea_03-18-week2-PASSING_AND_PASSING,351884356,spirals-bears,16,458889936,506462208
4c745e6f-5453-4a37-b2b3-14647c2331ea_03-18-week2-PASSING_AND_PASSING,352510895,spirals-bears,16,458883792,506462208
4c745e6f-5453-4a37-b2b3-14647c2331ea_03-18-week2-PASSING_AND_PASSING,352502655,spirals-bears,16,458884408,506462208
4c745e6f-5453-4a37-b2b3-14647c2331ea_03-18-week2-PASSING_AND_PASSING,352496731,spirals-bears,16,458884336,506462208
4c745e6f-5453-4a37-b2b3-14647c2331ea_03-18-week2-PASSING_AND_PASSING,352496702,spirals-bears,16,458890000,506462208
4c745e6f-5453-4a37-b2b3-14647c2331ea_03-18-week2-PASSING_AND_PASSING,352113732,spirals-bears,16,458890216,506462208
4c745e6f-5453-4a37-b2b3-14647c2331ea_03-18-week2-PASSING_AND_PASSING,351528974,spirals-bears,16,458883720,506462208
4c745e6f-5453-4a37-b2b3-14647c2331ea_03-18-week2-PASSING_AND_PASSING,351561058,spirals-bears,16,458889816,506462208
4c745e6f-5453-4a37-b2b3-14647c2331ea_03-18-week2-PASSING_AND_PASSING,351560182,spirals-bears,16,458884128,506462208
4c745e6f-5453-4a37-b2b3-14647c2331ea_03-18-week2-PASSING_AND_PASSING,351118907,spirals-bears,16,458890152,506462208
4c745e6f-5453-4a37-b2b3-14647c2331ea_03-18-week2-PASSING_AND_PASSING,351076621,spirals-bears,16,458888928,506462208
4c745e6f-5453-4a37-b2b3-14647c2331ea_03-18-week2-PASSING_AND_PASSING,351050423,spirals-bears,16,458884216,506462208
4c745e6f-5453-4a37-b2b3-14647c2331ea_03-18-week2-PASSING_AND_PASSING,350623660,spirals-bears,16,458884016,506462208
4c745e6f-5453-4a37-b2b3-14647c2331ea_03-18-week2-PASSING_AND_PASSING,350575063,spirals-bears,16,458883976,506462208
4c745e6f-5453-4a37-b2b3-14647c2331ea_03-18-week2-PASSING_AND_PASSING,352997528,spirals-bears,16,458884640,506462208
4c745e6f-5453-4a37-b2b3-14647c2331ea_03-18-week2-PASSING_AND_PASSING,353312387,spirals-bears,16,458884272,506462208
4c745e6f-5453-4a37-b2b3-14647c2331ea_03-18-week2-PASSING_AND_PASSING,352859473,spirals-bears,16,458889888,506462208
4c745e6f-5453-4a37-b2b3-14647c2331ea_03-18-week2-PASSING_AND_PASSING,351488590,spirals-bears,16,458884568,506462208
4c745e6f-5453-4a37-b2b3-14647c2331ea_03-18-week2-PASSING_AND_PASSING,351701584,spirals-bears,16,458884168,506462208
4c745e6f-5453-4a37-b2b3-14647c2331ea_03-18-week2-PASSING_AND_PASSING,351318896,spirals-bears,16,458892208,506462208
4c745e6f-5453-4a37-b2b3-14647c2331ea_03-18-week2-PASSING_AND_PASSING,351374985,spirals-bears,16,458889896,506462208
4c745e6f-5453-4a37-b2b3-14647c2331ea_03-18-week2-PASSING_AND_PASSING,350763509,spirals-bears,16,458884056,506462208
4c745e6f-5453-4a37-b2b3-14647c2331ea_03-18-week2-PASSING_AND_PASSING,352742277,spirals-bears,16,458884056,506462208
4c745e6f-5453-4a37-b2b3-14647c2331ea_03-18-week2-PASSING_AND_PASSING,353230608,spirals-bears,16,458890264,506462208
4c745e6f-5453-4a37-b2b3-14647c2331ea_03-18-week2-PASSING_AND_PASSING,352712055,spirals-bears,16,458895976,506462208
4c745e6f-5453-4a37-b2b3-14647c2331ea_03-18-week2-PASSING_AND_PASSING,353225292,spirals-bears,16,458884080,506462208
4c745e6f-5453-4a37-b2b3-14647c2331ea_03-18-week2-PASSING_AND_PASSING,352624138,spirals-bears,16,458883808,506462208
4c745e6f-5453-4a37-b2b3-14647c2331ea_03-18-week2-PASSING_AND_PASSING,350718222,spirals-bears,16,458890352,506462208
4c745e6f-5453-4a37-b2b3-14647c2331ea_03-18-week2-PASSING_AND_PASSING,351182735,spirals-bears,16,458883768,506462208
4c745e6f-5453-4a37-b2b3-14647c2331ea_03-18-week2-PASSING_AND_PASSING,350815992,spirals-bears,16,458889784,506462208
4c745e6f-5453-4a37-b2b3-14647c2331ea_03-18-week2-PASSING_AND_PASSING,350253254,spirals-bears,16,458884064,506462208
4c745e6f-5453-4a37-b2b3-14647c2331ea_03-18-week2-PASSING_AND_PASSING,350719384,spirals-bears,16,458889976,506462208
4c745e6f-5453-4a37-b2b3-14647c2331ea_03-18-week2-PASSING_AND_PASSING,350640891,spirals-bears,16,458884112,506462208
4c745e6f-5453-4a37-b2b3-14647c2331ea_03-18-week2-PASSING_AND_PASSING,350216449,spirals-bears,16,458888504,506462208
4c745e6f-5453-4a37-b2b3-14647c2331ea_03-18-week2-PASSING_AND_PASSING,350290096,spirals-bears,16,458884016,506462208
4c745e6f-5453-4a37-b2b3-14647c2331ea_03-18-week2-PASSING_AND_PASSING,351827863,spirals-bears,16,458889888,506462208
4c745e6f-5453-4a37-b2b3-14647c2331ea_03-18-week2-PASSING_AND_PASSING,351352149,spirals-bears,16,458889888,506462208
4c745e6f-5453-4a37-b2b3-14647c2331ea_03-18-week2-PASSING_AND_PASSING,351683419,spirals-bears,16,458890088,506462208
4c745e6f-5453-4a37-b2b3-14647c2331ea_03-18-week2-PASSING_AND_PASSING,351674600,spirals-bears,16,458889816,506462208
4c745e6f-5453-4a37-b2b3-14647c2331ea_03-18-week2-PASSING_AND_PASSING,352107213,spirals-bears,16,458889816,506462208
4c745e6f-5453-4a37-b2b3-14647c2331ea_03-18-week2-PASSING_AND_PASSING,351672962,spirals-bears,16,458884192,506462208
4c745e6f-5453-4a37-b2b3-14647c2331ea_03-18-week2-PASSING_AND_PASSING,350144029,spirals-bears,16,458890152,506462208
4c745e6f-5453-4a37-b2b3-14647c2331ea_03-18-week2-PASSING_AND_PASSING,352070110,spirals-bears,16,458890152,506462208
4c745e6f-5453-4a37-b2b3-14647c2331ea_03-18-week2-PASSING_AND_PASSING,352096076,spirals-bears,16,458884336,506462208
4c745e6f-5453-4a37-b2b3-14647c2331ea_03-18-week2-PASSING_AND_PASSING,352063289,spirals-bears,16,458883864,506462208
4c745e6f-5453-4a37-b2b3-14647c2331ea_03-18-week2-PASSING_AND_PASSING,352009417,spirals-bears,16,458887904,506462208
4c745e6f-5453-4a37-b2b3-14647c2331ea_03-18-week2-PASSING_AND_PASSING,351780026,spirals-bears,16,458884288,506462208
4c745e6f-5453-4a37-b2b3-14647c2331ea_03-18-week2-PASSING_AND_PASSING,351562054,spirals-bears,16,458884336,506462208
4c745e6f-5453-4a37-b2b3-14647c2331ea_03-18-week2-PASSING_AND_PASSING,351721082,spirals-bears,16,458889720,506462208
4c745e6f-5453-4a37-b2b3-14647c2331ea_03-18-week2-PASSING_AND_PASSING,351878612,spirals-bears,16,458889968,506462208
4c745e6f-5453-4a37-b2b3-14647c2331ea_03-18-week2-PASSING_AND_PASSING,352002790,spirals-bears,16,458889880,506462208
4c745e6f-5453-4a37-b2b3-14647c2331ea_03-18-week2-PASSING_AND_PASSING,351850106,spirals-bears,16,458888936,506462208
4c745e6f-5453-4a37-b2b3-14647c2331ea_03-18-week2-PASSING_AND_PASSING,351874126,spirals-bears,16,458884424,506462208
4c745e6f-5453-4a37-b2b3-14647c2331ea_03-18-week2-PASSING_AND_PASSING,351835733,spirals-bears,16,458896200,506462208
4c745e6f-5453-4a37-b2b3-14647c2331ea_03-18-week2-PASSING_AND_PASSING,351843330,spirals-bears,16,458890352,506462208
4c745e6f-5453-4a37-b2b3-14647c2331ea_03-18-week2-PASSING_AND_PASSING,351824770,spirals-bears,16,458890280,506462208
4c745e6f-5453-4a37-b2b3-14647c2331ea_03-18-week2-PASSING_AND_PASSING,351824598,spirals-bears,16,458888952,506462208
4c745e6f-5453-4a37-b2b3-14647c2331ea_03-18-week2-PASSING_AND_PASSING,351821616,spirals-bears,16,458889952,506462208
4c745e6f-5453-4a37-b2b3-14647c2331ea_03-18-week2-PASSING_AND_PASSING,351795072,spirals-bears,16,458884248,506462208
4c745e6f-5453-4a37-b2b3-14647c2331ea_03-18-week2-PASSING_AND_PASSING,347828143,spirals-bears,16,458890384,506462208
4c745e6f-5453-4a37-b2b3-14647c2331ea_03-18-week2-PASSING_AND_PASSING,351018462,spirals-bears,16,458884312,506462208
4c745e6f-5453-4a37-b2b3-14647c2331ea_03-18-week2-PASSING_AND_PASSING,350994605,spirals-bears,16,458889112,506462208
4c745e6f-5453-4a37-b2b3-14647c2331ea_03-18-week2-PASSING_AND_PASSING,345967949,spirals-bears,16,458889824,506462208
4c745e6f-5453-4a37-b2b3-14647c2331ea_03-18-week2-PASSING_AND_PASSING,350087534,spirals-bears,16,458884096,506462208
4c745e6f-5453-4a37-b2b3-14647c2331ea_03-18-week2-PASSING_AND_PASSING,351321188,spirals-bears,16,458890104,506462208
4c745e6f-5453-4a37-b2b3-14647c2331ea_03-18-week2-PASSING_AND_PASSING,351180686,spirals-bears,16,458884024,506462208
4c745e6f-5453-4a37-b2b3-14647c2331ea_03-18-week2-PASSING_AND_PASSING,351547723,spirals-bears,16,458889984,506462208
4c745e6f-5453-4a37-b2b3-14647c2331ea_03-18-week2-PASSING_AND_PASSING,351271869,spirals-bears,16,458889944,506462208
4c745e6f-5453-4a37-b2b3-14647c2331ea_03-18-week2-PASSING_AND_PASSING,351197567,spirals-bears,16,458884112,506462208
4c745e6f-5453-4a37-b2b3-14647c2331ea_03-18-week2-PASSING_AND_PASSING,350787005,spirals-bears,16,458884480,506462208
4c745e6f-5453-4a37-b2b3-14647c2331ea_03-18-week2-PASSING_AND_PASSING,351088828,spirals-bears,16,458884232,506462208
4c745e6f-5453-4a37-b2b3-14647c2331ea_03-18-week2-PASSING_AND_PASSING,351469522,spirals-bears,16,458889856,506462208
4c745e6f-5453-4a37-b2b3-14647c2331ea_03-18-week2-PASSING_AND_PASSING,351475020,spirals-bears,16,458890264,506462208
4c745e6f-5453-4a37-b2b3-14647c2331ea_03-18-week2-PASSING_AND_PASSING,351123929,spirals-bears,16,458890112,506462208
4c745e6f-5453-4a37-b2b3-14647c2331ea_03-18-week2-PASSING_AND_PASSING,349751163,spirals-bears,16,458883816,506462208
4c745e6f-5453-4a37-b2b3-14647c2331ea_03-18-week2-PASSING_AND_PASSING,347142770,spirals-bears,16,458883904,506462208
4c745e6f-5453-4a37-b2b3-14647c2331ea_03-18-week2-PASSING_AND_PASSING,347825268,spirals-bears,16,458883768,506462208
4c745e6f-5453-4a37-b2b3-14647c2331ea_03-18-week2-PASSING_AND_PASSING,350653527,spirals-bears,16,458889712,506462208
4c745e6f-5453-4a37-b2b3-14647c2331ea_03-18-week2-PASSING_AND_PASSING,349415755,spirals-bears,16,458884528,506462208
4c745e6f-5453-4a37-b2b3-14647c2331ea_03-18-week2-PASSING_AND_PASSING,350558712,spirals-bears,16,458890272,506462208
4c745e6f-5453-4a37-b2b3-14647c2331ea_03-18-week2-PASSING_AND_PASSING,348081512,spirals-bears,16,458883936,506462208
4c745e6f-5453-4a37-b2b3-14647c2331ea_03-18-week2-PASSING_AND_PASSING,350587629,spirals-bears,16,458889720,506462208
4c745e6f-5453-4a37-b2b3-14647c2331ea_03-18-week2-PASSING_AND_PASSING,348080549,spirals-bears,16,458890376,506462208
4c745e6f-5453-4a37-b2b3-14647c2331ea_03-18-week2-PASSING_AND_PASSING,350468581,spirals-bears,16,458889736,506462208
4c745e6f-5453-4a37-b2b3-14647c2331ea_03-18-week2-PASSING_AND_PASSING,349171067,spirals-bears,16,458889912,506462208
4c745e6f-5453-4a37-b2b3-14647c2331ea_03-18-week2-PASSING_AND_PASSING,349171037,spirals-bears,16,458890048,506462208
4c745e6f-5453-4a37-b2b3-14647c2331ea_03-18-week2-PASSING_AND_PASSING,351190412,spirals-bears,16,458889488,506462208
4c745e6f-5453-4a37-b2b3-14647c2331ea_03-18-week2-PASSING_AND_PASSING,352672009,spirals-bears,16,458889984,506462208
4c745e6f-5453-4a37-b2b3-14647c2331ea_03-18-week2-PASSING_AND_PASSING,352649713,spirals-bears,16,458889984,506462208
4c745e6f-5453-4a37-b2b3-14647c2331ea_03-18-week2-PASSING_AND_PASSING,352644151,spirals-bears,16,458890000,506462208
4c745e6f-5453-4a37-b2b3-14647c2331ea_03-18-week2-PASSING_AND_PASSING,353152028,spirals-bears,16,458884000,506462208
4c745e6f-5453-4a37-b2b3-14647c2331ea_03-18-week2-PASSING_AND_PASSING,351228439,spirals-bears,16,458889976,506462208
4c745e6f-5453-4a37-b2b3-14647c2331ea_03-18-week2-PASSING_AND_PASSING,352203090,spirals-bears,16,458896088,506462208
4c745e6f-5453-4a37-b2b3-14647c2331ea_03-18-week2-PASSING_AND_PASSING,352203075,spirals-bears,16,458889432,506462208
4c745e6f-5453-4a37-b2b3-14647c2331ea_03-18-week2-PASSING_AND_PASSING,353103464,spirals-bears,16,458890056,506462208
4c745e6f-5453-4a37-b2b3-14647c2331ea_03-18-week2-PASSING_AND_PASSING,353068057,spirals-bears,16,458884152,506462208
4c745e6f-5453-4a37-b2b3-14647c2331ea_03-18-week2-PASSING_AND_PASSING,352622322,spirals-bears,16,458888936,506462208
4c745e6f-5453-4a37-b2b3-14647c2331ea_03-18-week2-PASSING_AND_PASSING,352475544,spirals-bears,16,458884216,506462208
4c745e6f-5453-4a37-b2b3-14647c2331ea_03-18-week2-PASSING_AND_PASSING,352475713,spirals-bears,16,458890224,506462208
4c745e6f-5453-4a37-b2b3-14647c2331ea_03-18-week2-PASSING_AND_PASSING,351194603,spirals-bears,16,458890032,506462208
4c745e6f-5453-4a37-b2b3-14647c2331ea_03-18-week2-PASSING_AND_PASSING,351194590,spirals-bears,16,458884168,506462208
4c745e6f-5453-4a37-b2b3-14647c2331ea_03-18-week2-PASSING_AND_PASSING,351571960,spirals-bears,16,458896584,506462208
4c745e6f-5453-4a37-b2b3-14647c2331ea_03-18-week2-PASSING_AND_PASSING,351562948,spirals-bears,16,458889552,506462208
4c745e6f-5453-4a37-b2b3-14647c2331ea_03-18-week2-PASSING_AND_PASSING,351562974,spirals-bears,16,458884368,506462208
4c745e6f-5453-4a37-b2b3-14647c2331ea_03-18-week2-PASSING_AND_PASSING,351075581,spirals-bears,16,458883832,506462208
4c745e6f-5453-4a37-b2b3-14647c2331ea_03-18-week2-PASSING_AND_PASSING,351901101,spirals-bears,16,458890088,506462208
4c745e6f-5453-4a37-b2b3-14647c2331ea_03-18-week2-PASSING_AND_PASSING,352100247,spirals-bears,16,458884184,506462208
4c745e6f-5453-4a37-b2b3-14647c2331ea_03-18-week2-PASSING_AND_PASSING,351901099,spirals-bears,16,458884336,506462208
4c745e6f-5453-4a37-b2b3-14647c2331ea_03-18-week2-PASSING_AND_PASSING,352101743,spirals-bears,16,458888400,506462208
4c745e6f-5453-4a37-b2b3-14647c2331ea_03-18-week2-PASSING_AND_PASSING,351901052,spirals-bears,16,458890168,506462208
4c745e6f-5453-4a37-b2b3-14647c2331ea_03-18-week2-PASSING_AND_PASSING,351900050,spirals-bears,16,458883832,506462208
4c745e6f-5453-4a37-b2b3-14647c2331ea_03-18-week2-PASSING_AND_PASSING,351569726,spirals-bears,16,458889368,506462208
4c745e6f-5453-4a37-b2b3-14647c2331ea_03-18-week2-PASSING_AND_PASSING,351569792,spirals-bears,16,458889616,506462208
4c745e6f-5453-4a37-b2b3-14647c2331ea_03-18-week2-PASSING_AND_PASSING,351520217,spirals-bears,16,458890120,506462208
4c745e6f-5453-4a37-b2b3-14647c2331ea_03-18-week2-PASSING_AND_PASSING,351520148,spirals-bears,16,458889928,506462208
4c745e6f-5453-4a37-b2b3-14647c2331ea_03-18-week2-PASSING_AND_PASSING,351479885,spirals-bears,16,458889680,506462208
4c745e6f-5453-4a37-b2b3-14647c2331ea_03-18-week2-PASSING_AND_PASSING,351479909,spirals-bears,16,458889288,506462208
4c745e6f-5453-4a37-b2b3-14647c2331ea_03-18-week2-PASSING_AND_PASSING,350051595,spirals-bears,16,458884552,506462208
4c745e6f-5453-4a37-b2b3-14647c2331ea_03-18-week2-PASSING_AND_PASSING,350051572,spirals-bears,16,458890424,506462208
4c745e6f-5453-4a37-b2b3-14647c2331ea_03-18-week2-PASSING_AND_PASSING,350624669,spirals-bears,16,458884088,506462208
4c745e6f-5453-4a37-b2b3-14647c2331ea_03-18-week2-PASSING_AND_PASSING,350624213,spirals-bears,16,458896256,506462208
4c745e6f-5453-4a37-b2b3-14647c2331ea_03-18-week2-PASSING_AND_PASSING,350592824,spirals-bears,16,458883848,506462208
4c745e6f-5453-4a37-b2b3-14647c2331ea_03-18-week2-PASSING_AND_PASSING,350949406,spirals-bears,16,458884128,506462208
4c745e6f-5453-4a37-b2b3-14647c2331ea_03-18-week2-PASSING_AND_PASSING,350949441,spirals-bears,16,458884216,506462208
4c745e6f-5453-4a37-b2b3-14647c2331ea_03-18-week2-PASSING_AND_PASSING,350200576,spirals-bears,16,458889896,506462208
4c745e6f-5453-4a37-b2b3-14647c2331ea_03-18-week2-PASSING_AND_PASSING,346931667,spirals-bears,16,458884080,506462208
4c745e6f-5453-4a37-b2b3-14647c2331ea_03-18-week2-PASSING_AND_PASSING,352827728,spirals-bears,16,458884264,506462208
4c745e6f-5453-4a37-b2b3-14647c2331ea_03-18-week2-PASSING_AND_PASSING,350568974,spirals-bears,16,458884232,506462208
4c745e6f-5453-4a37-b2b3-14647c2331ea_03-18-week2-PASSING_AND_PASSING,353487779,spirals-bears,16,458884216,506462208
4c745e6f-5453-4a37-b2b3-14647c2331ea_03-18-week2-PASSING_AND_PASSING,350798656,spirals-bears,16,458890000,506462208
4c745e6f-5453-4a37-b2b3-14647c2331ea_03-18-week2-PASSING_AND_PASSING,350593809,spirals-bears,16,458883728,506462208
4c745e6f-5453-4a37-b2b3-14647c2331ea_03-18-week2-PASSING_AND_PASSING,353094563,spirals-bears,16,458883992,506462208
4c745e6f-5453-4a37-b2b3-14647c2331ea_03-18-week2-PASSING_AND_PASSING,353124605,spirals-bears,16,458890000,506462208
4c745e6f-5453-4a37-b2b3-14647c2331ea_03-18-week2-PASSING_AND_PASSING,353138637,spirals-bears,16,458889944,506462208
4c745e6f-5453-4a37-b2b3-14647c2331ea_03-18-week2-PASSING_AND_PASSING,353113307,spirals-bears,16,458889968,506462208
4c745e6f-5453-4a37-b2b3-14647c2331ea_03-18-week2-PASSING_AND_PASSING,352611557,spirals-bears,16,458889112,506462208
4c745e6f-5453-4a37-b2b3-14647c2331ea_03-18-week2-PASSING_AND_PASSING,346608102,spirals-bears,16,458890104,506462208
4c745e6f-5453-4a37-b2b3-14647c2331ea_03-18-week2-PASSING_AND_PASSING,352457743,spirals-bears,16,458889848,506462208
4c745e6f-5453-4a37-b2b3-14647c2331ea_03-18-week2-PASSING_AND_PASSING,351179701,spirals-bears,16,458889880,506462208
4c745e6f-5453-4a37-b2b3-14647c2331ea_03-18-week2-PASSING_AND_PASSING,352140591,spirals-bears,16,458889944,506462208
4c745e6f-5453-4a37-b2b3-14647c2331ea_03-18-week2-PASSING_AND_PASSING,351581413,spirals-bears,16,458884384,506462208
4c745e6f-5453-4a37-b2b3-14647c2331ea_03-18-week2-PASSING_AND_PASSING,351546930,spirals-bears,16,458883768,506462208
4c745e6f-5453-4a37-b2b3-14647c2331ea_03-18-week2-PASSING_AND_PASSING,351123444,spirals-bears,16,458889328,506462208
4c745e6f-5453-4a37-b2b3-14647c2331ea_03-18-week2-PASSING_AND_PASSING,351476681,spirals-bears,16,458889968,506462208
4c745e6f-5453-4a37-b2b3-14647c2331ea_03-18-week2-PASSING_AND_PASSING,351464578,spirals-bears,16,458890000,506462208
4c745e6f-5453-4a37-b2b3-14647c2331ea_03-18-week2-PASSING_AND_PASSING,351439369,spirals-bears,16,458889304,506462208
4c745e6f-5453-4a37-b2b3-14647c2331ea_03-18-week2-PASSING_AND_PASSING,351453516,spirals-bears,16,458884568,506462208
4c745e6f-5453-4a37-b2b3-14647c2331ea_03-18-week2-PASSING_AND_PASSING,351050859,spirals-bears,16,458889800,506462208
4c745e6f-5453-4a37-b2b3-14647c2331ea_03-18-week2-PASSING_AND_PASSING,351436379,spirals-bears,16,458889968,506462208
4c745e6f-5453-4a37-b2b3-14647c2331ea_03-18-week2-PASSING_AND_PASSING,351067069,spirals-bears,16,458883584,506462208
4c745e6f-5453-4a37-b2b3-14647c2331ea_03-18-week2-PASSING_AND_PASSING,351123457,spirals-bears,16,458887888,506462208
4c745e6f-5453-4a37-b2b3-14647c2331ea_03-18-week2-PASSING_AND_PASSING,351034345,spirals-bears,16,458890344,506462208
4c745e6f-5453-4a37-b2b3-14647c2331ea_03-18-week2-PASSING_AND_PASSING,351100459,spirals-bears,16,458883992,506462208
4c745e6f-5453-4a37-b2b3-14647c2331ea_03-18-week2-PASSING_AND_PASSING,351065217,spirals-bears,16,458883792,506462208
4c745e6f-5453-4a37-b2b3-14647c2331ea_03-18-week2-PASSING_AND_PASSING,351031076,spirals-bears,16,458884144,506462208
4c745e6f-5453-4a37-b2b3-14647c2331ea_03-18-week2-PASSING_AND_PASSING,351056179,spirals-bears,16,458884200,506462208
4c745e6f-5453-4a37-b2b3-14647c2331ea_03-18-week2-PASSING_AND_PASSING,351036715,spirals-bears,16,458884096,506462208
4c745e6f-5453-4a37-b2b3-14647c2331ea_03-18-week2-PASSING_AND_PASSING,350584164,spirals-bears,16,458884448,506462208
4c745e6f-5453-4a37-b2b3-14647c2331ea_03-18-week2-PASSING_AND_PASSING,352967002,spirals-bears,16,458888400,506462208
4c745e6f-5453-4a37-b2b3-14647c2331ea_03-18-week2-PASSING_AND_PASSING,352957793,spirals-bears,16,458889936,506462208
4c745e6f-5453-4a37-b2b3-14647c2331ea_03-18-week2-PASSING_AND_PASSING,352706178,spirals-bears,16,458883760,506462208
4c745e6f-5453-4a37-b2b3-14647c2331ea_03-18-week2-PASSING_AND_PASSING,352582593,spirals-bears,16,458884544,506462208
4c745e6f-5453-4a37-b2b3-14647c2331ea_03-18-week2-PASSING_AND_PASSING,352376923,spirals-bears,16,458890280,506462208
4c745e6f-5453-4a37-b2b3-14647c2331ea_03-18-week2-PASSING_AND_PASSING,351559143,spirals-bears,16,458884240,506462208
4c745e6f-5453-4a37-b2b3-14647c2331ea_03-18-week2-PASSING_AND_PASSING,351601893,spirals-bears,16,458883824,506462208
4c745e6f-5453-4a37-b2b3-14647c2331ea_03-18-week2-PASSING_AND_PASSING,351546146,spirals-bears,16,458890120,506462208
4c745e6f-5453-4a37-b2b3-14647c2331ea_03-18-week2-PASSING_AND_PASSING,350633340,spirals-bears,16,458889968,506462208
4c745e6f-5453-4a37-b2b3-14647c2331ea_03-18-week2-PASSING_AND_PASSING,350558527,spirals-bears,16,458890072,506462208
4c745e6f-5453-4a37-b2b3-14647c2331ea_03-18-week2-PASSING_AND_PASSING,349648043,spirals-bears,16,458896264,506462208
4c745e6f-5453-4a37-b2b3-14647c2331ea_03-18-week2-PASSING_AND_PASSING,352902553,spirals-bears,16,458890336,506462208
4c745e6f-5453-4a37-b2b3-14647c2331ea_03-18-week2-PASSING_AND_PASSING,352894244,spirals-bears,16,458884184,506462208
4c745e6f-5453-4a37-b2b3-14647c2331ea_03-18-week2-PASSING_AND_PASSING,352481508,spirals-bears,16,458884184,506462208
4c745e6f-5453-4a37-b2b3-14647c2331ea_03-18-week2-PASSING_AND_PASSING,352469814,spirals-bears,16,458884256,506462208
4c745e6f-5453-4a37-b2b3-14647c2331ea_03-18-week2-PASSING_AND_PASSING,352095875,spirals-bears,16,458889952,506462208
4c745e6f-5453-4a37-b2b3-14647c2331ea_03-18-week2-PASSING_AND_PASSING,352088793,spirals-bears,16,458884096,506462208
4c745e6f-5453-4a37-b2b3-14647c2331ea_03-18-week2-PASSING_AND_PASSING,351726339,spirals-bears,16,458889048,506462208
4c745e6f-5453-4a37-b2b3-14647c2331ea_03-18-week2-PASSING_AND_PASSING,350299914,spirals-bears,16,458884056,506462208
4c745e6f-5453-4a37-b2b3-14647c2331ea_03-18-week2-PASSING_AND_PASSING,350920425,spirals-bears,16,458889944,506462208
4c745e6f-5453-4a37-b2b3-14647c2331ea_03-18-week2-PASSING_AND_PASSING,350369304,spirals-bears,16,458890192,506462208
4c745e6f-5453-4a37-b2b3-14647c2331ea_03-18-week2-PASSING_AND_PASSING,351026738,spirals-bears,16,458884096,506462208
4c745e6f-5453-4a37-b2b3-14647c2331ea_03-18-week2-PASSING_AND_PASSING,351309571,spirals-bears,16,458890416,506462208
4c745e6f-5453-4a37-b2b3-14647c2331ea_03-18-week2-PASSING_AND_PASSING,349737805,spirals-bears,16,458896600,506462208
4c745e6f-5453-4a37-b2b3-14647c2331ea_03-18-week2-PASSING_AND_PASSING,351670905,spirals-bears,16,458890096,506462208
4c745e6f-5453-4a37-b2b3-14647c2331ea_03-18-week2-PASSING_AND_PASSING,351297932,spirals-bears,16,458884152,506462208
4c745e6f-5453-4a37-b2b3-14647c2331ea_03-18-week2-PASSING_AND_PASSING,352215977,spirals-bears,16,458889896,506462208
4c745e6f-5453-4a37-b2b3-14647c2331ea_03-18-week2-PASSING_AND_PASSING,352210429,spirals-bears,16,458889944,506462208
4c745e6f-5453-4a37-b2b3-14647c2331ea_03-18-week2-PASSING_AND_PASSING,351501664,spirals-bears,16,458883784,506462208
4c745e6f-5453-4a37-b2b3-14647c2331ea_03-18-week2-PASSING_AND_PASSING,349350537,spirals-bears,16,458884304,506462208
4c745e6f-5453-4a37-b2b3-14647c2331ea_03-18-week2-PASSING_AND_PASSING,350222151,spirals-bears,16,458890064,506462208
4c745e6f-5453-4a37-b2b3-14647c2331ea_03-18-week2-PASSING_AND_PASSING,350222177,spirals-bears,16,458890000,506462208
4c745e6f-5453-4a37-b2b3-14647c2331ea_03-18-week2-PASSING_AND_PASSING,351921696,spirals-bears,16,458884024,506462208
4c745e6f-5453-4a37-b2b3-14647c2331ea_03-18-week2-PASSING_AND_PASSING,351921524,spirals-bears,16,458884480,506462208
4c745e6f-5453-4a37-b2b3-14647c2331ea_03-18-week2-PASSING_AND_PASSING,351920437,spirals-bears,16,458889312,506462208
4c745e6f-5453-4a37-b2b3-14647c2331ea_03-18-week2-PASSING_AND_PASSING,351910324,spirals-bears,16,458884064,506462208
4c745e6f-5453-4a37-b2b3-14647c2331ea_03-18-week2-PASSING_AND_PASSING,351770493,spirals-bears,16,458889968,506462208
4c745e6f-5453-4a37-b2b3-14647c2331ea_03-18-week2-PASSING_AND_PASSING,351747835,spirals-bears,16,458890360,506462208
4c745e6f-5453-4a37-b2b3-14647c2331ea_03-18-week2-PASSING_AND_PASSING,351735148,spirals-bears,16,458890088,506462208
4c745e6f-5453-4a37-b2b3-14647c2331ea_03-18-week2-PASSING_AND_PASSING,351628831,spirals-bears,16,458884640,506462208
4c745e6f-5453-4a37-b2b3-14647c2331ea_03-18-week2-PASSING_AND_PASSING,351317999,spirals-bears,16,458884616,506462208
4c745e6f-5453-4a37-b2b3-14647c2331ea_03-18-week2-PASSING_AND_PASSING,351283671,spirals-bears,16,458884336,506462208
4c745e6f-5453-4a37-b2b3-14647c2331ea_03-18-week2-PASSING_AND_PASSING,351265305,spirals-bears,16,458890152,506462208
4c745e6f-5453-4a37-b2b3-14647c2331ea_03-18-week2-PASSING_AND_PASSING,351200402,spirals-bears,16,458884056,506462208
4c745e6f-5453-4a37-b2b3-14647c2331ea_03-18-week2-PASSING_AND_PASSING,351199640,spirals-bears,16,458890352,506462208
4c745e6f-5453-4a37-b2b3-14647c2331ea_03-18-week2-PASSING_AND_PASSING,350871352,spirals-bears,16,458884160,506462208
4c745e6f-5453-4a37-b2b3-14647c2331ea_03-18-week2-PASSING_AND_PASSING,351623589,spirals-bears,16,458884144,506462208
4c745e6f-5453-4a37-b2b3-14647c2331ea_03-18-week2-PASSING_AND_PASSING,352657297,spirals-bears,16,458889704,506462208
4c745e6f-5453-4a37-b2b3-14647c2331ea_03-18-week2-PASSING_AND_PASSING,352319643,spirals-bears,16,458884144,506462208
4c745e6f-5453-4a37-b2b3-14647c2331ea_03-18-week2-PASSING_AND_PASSING,352635276,spirals-bears,16,458892160,506462208
4c745e6f-5453-4a37-b2b3-14647c2331ea_03-18-week2-PASSING_AND_PASSING,352647136,spirals-bears,16,458890120,506462208
4c745e6f-5453-4a37-b2b3-14647c2331ea_03-18-week2-PASSING_AND_PASSING,351147254,spirals-bears,16,458884520,506462208
4c745e6f-5453-4a37-b2b3-14647c2331ea_03-18-week2-PASSING_AND_PASSING,351108432,spirals-bears,16,458884136,506462208
4c745e6f-5453-4a37-b2b3-14647c2331ea_03-18-week2-PASSING_AND_PASSING,351130127,spirals-bears,16,458890320,506462208
4c745e6f-5453-4a37-b2b3-14647c2331ea_03-18-week2-PASSING_AND_PASSING,350646706,spirals-bears,16,458884272,506462208
4c745e6f-5453-4a37-b2b3-14647c2331ea_03-18-week2-PASSING_AND_PASSING,350646623,spirals-bears,16,458884056,506462208
4c745e6f-5453-4a37-b2b3-14647c2331ea_03-18-week2-PASSING_AND_PASSING,350646485,spirals-bears,16,458889864,506462208
4c745e6f-5453-4a37-b2b3-14647c2331ea_03-18-week2-PASSING_AND_PASSING,350458760,spirals-bears,16,458889936,506462208
4c745e6f-5453-4a37-b2b3-14647c2331ea_03-18-week2-PASSING_AND_PASSING,352837956,spirals-bears,16,458884136,506462208
4c745e6f-5453-4a37-b2b3-14647c2331ea_03-18-week2-PASSING_AND_PASSING,352692875,spirals-bears,16,458890000,506462208
4c745e6f-5453-4a37-b2b3-14647c2331ea_03-18-week2-PASSING_AND_PASSING,352809160,spirals-bears,16,458890048,506462208
4c745e6f-5453-4a37-b2b3-14647c2331ea_03-18-week2-PASSING_AND_PASSING,351281686,spirals-bears,16,458884568,506462208
4c745e6f-5453-4a37-b2b3-14647c2331ea_03-18-week2-PASSING_AND_PASSING,352228936,spirals-bears,16,458890000,506462208
4c745e6f-5453-4a37-b2b3-14647c2331ea_03-18-week2-PASSING_AND_PASSING,352217874,spirals-bears,16,458889864,506462208
4c745e6f-5453-4a37-b2b3-14647c2331ea_03-18-week2-PASSING_AND_PASSING,351291514,spirals-bears,16,458884072,506462208
4c745e6f-5453-4a37-b2b3-14647c2331ea_03-18-week2-PASSING_AND_PASSING,286918488,spirals-bears,16,458890352,506462208
4c745e6f-5453-4a37-b2b3-14647c2331ea_03-18-week2-PASSING_AND_PASSING,350682389,spirals-bears,16,458889968,506462208
4c745e6f-5453-4a37-b2b3-14647c2331ea_03-18-week2-PASSING_AND_PASSING,350682368,spirals-bears,16,458888472,506462208
4c745e6f-5453-4a37-b2b3-14647c2331ea_03-18-week2-PASSING_AND_PASSING,350122465,spirals-bears,16,458884400,506462208
4c745e6f-5453-4a37-b2b3-14647c2331ea_03-18-week2-PASSING_AND_PASSING,350122451,spirals-bears,16,458884056,506462208
4c745e6f-5453-4a37-b2b3-14647c2331ea_03-18-week2-PASSING_AND_PASSING,353282377,spirals-bears,16,458896280,506462208
4c745e6f-5453-4a37-b2b3-14647c2331ea_03-18-week2-PASSING_AND_PASSING,351643474,spirals-bears,16,458889896,506462208
4c745e6f-5453-4a37-b2b3-14647c2331ea_03-18-week2-PASSING_AND_PASSING,351641750,spirals-bears,16,458883840,506462208
4c745e6f-5453-4a37-b2b3-14647c2331ea_03-18-week2-PASSING_AND_PASSING,351012508,spirals-bears,16,458890424,506462208
4c745e6f-5453-4a37-b2b3-14647c2331ea_03-18-week2-PASSING_AND_PASSING,350622551,spirals-bears,16,458890200,506462208
4c745e6f-5453-4a37-b2b3-14647c2331ea_03-18-week2-PASSING_AND_PASSING,352152938,spirals-bears,16,458890024,506462208
4c745e6f-5453-4a37-b2b3-14647c2331ea_03-18-week2-PASSING_AND_PASSING,353225513,spirals-bears,16,458890152,506462208
4c745e6f-5453-4a37-b2b3-14647c2331ea_03-18-week2-PASSING_AND_PASSING,353225500,spirals-bears,16,458883792,506462208
4c745e6f-5453-4a37-b2b3-14647c2331ea_03-18-week2-PASSING_AND_PASSING,353223633,spirals-bears,16,458884352,506462208
4c745e6f-5453-4a37-b2b3-14647c2331ea_03-18-week2-PASSING_AND_PASSING,353223646,spirals-bears,16,458883752,506462208
4c745e6f-5453-4a37-b2b3-14647c2331ea_03-18-week2-PASSING_AND_PASSING,353215588,spirals-bears,16,458884624,506462208
4c745e6f-5453-4a37-b2b3-14647c2331ea_03-18-week2-PASSING_AND_PASSING,353215593,spirals-bears,16,458889928,506462208
4c745e6f-5453-4a37-b2b3-14647c2331ea_03-18-week2-PASSING_AND_PASSING,353213142,spirals-bears,16,458883896,506462208
4c745e6f-5453-4a37-b2b3-14647c2331ea_03-18-week2-PASSING_AND_PASSING,353213128,spirals-bears,16,458883792,506462208
4c745e6f-5453-4a37-b2b3-14647c2331ea_03-18-week2-PASSING_AND_PASSING,352079259,spirals-bears,16,458884040,506462208
4c745e6f-5453-4a37-b2b3-14647c2331ea_03-18-week2-PASSING_AND_PASSING,352080634,spirals-bears,16,458883768,506462208
4c745e6f-5453-4a37-b2b3-14647c2331ea_03-18-week2-PASSING_AND_PASSING,343527378,spirals-bears,16,458883816,506462208
4c745e6f-5453-4a37-b2b3-14647c2331ea_03-18-week2-PASSING_AND_PASSING,348240914,spirals-bears,16,458884136,506462208
4c745e6f-5453-4a37-b2b3-14647c2331ea_03-18-week2-PASSING_AND_PASSING,352890897,spirals-bears,16,458889896,506462208
4c745e6f-5453-4a37-b2b3-14647c2331ea_03-18-week2-PASSING_AND_PASSING,352405595,spirals-bears,16,458896296,506462208
4c745e6f-5453-4a37-b2b3-14647c2331ea_03-18-week2-PASSING_AND_PASSING,352404036,spirals-bears,16,458890232,506462208
4c745e6f-5453-4a37-b2b3-14647c2331ea_03-18-week2-PASSING_AND_PASSING,351478709,spirals-bears,16,458889872,506462208
4c745e6f-5453-4a37-b2b3-14647c2331ea_03-18-week2-PASSING_AND_PASSING,346270831,spirals-bears,16,458884616,506462208
4c745e6f-5453-4a37-b2b3-14647c2331ea_03-18-week2-PASSING_AND_PASSING,347798647,spirals-bears,16,458889648,506462208
4c745e6f-5453-4a37-b2b3-14647c2331ea_03-18-week2-PASSING_AND_PASSING,350798296,spirals-bears,16,458889768,506462208
4c745e6f-5453-4a37-b2b3-14647c2331ea_03-18-week2-PASSING_AND_PASSING,350389609,spirals-bears,16,458884040,506462208
4c745e6f-5453-4a37-b2b3-14647c2331ea_03-18-week2-PASSING_AND_PASSING,349325085,spirals-bears,16,458890712,506462208
4c745e6f-5453-4a37-b2b3-14647c2331ea_03-18-week2-PASSING_AND_PASSING,350248297,spirals-bears,16,458888928,506462208
4c745e6f-5453-4a37-b2b3-14647c2331ea_03-18-week2-PASSING_AND_PASSING,353465374,spirals-bears,16,458889848,506462208
4c745e6f-5453-4a37-b2b3-14647c2331ea_03-18-week2-PASSING_AND_PASSING,352036354,spirals-bears,16,458884456,506462208
4c745e6f-5453-4a37-b2b3-14647c2331ea_03-18-week2-PASSING_AND_PASSING,352171531,spirals-bears,16,458896080,506462208
4c745e6f-5453-4a37-b2b3-14647c2331ea_03-18-week2-PASSING_AND_PASSING,351953520,spirals-bears,16,458890000,506462208
4c745e6f-5453-4a37-b2b3-14647c2331ea_03-18-week2-PASSING_AND_PASSING,343551741,spirals-bears,16,458883808,506462208
4c745e6f-5453-4a37-b2b3-14647c2331ea_03-18-week2-PASSING_AND_PASSING,351764495,spirals-bears,16,458884488,506462208
4c745e6f-5453-4a37-b2b3-14647c2331ea_03-18-week2-PASSING_AND_PASSING,351397322,spirals-bears,16,458883624,506462208
4c745e6f-5453-4a37-b2b3-14647c2331ea_03-18-week2-PASSING_AND_PASSING,351261214,spirals-bears,16,458896264,506462208
4c745e6f-5453-4a37-b2b3-14647c2331ea_03-18-week2-PASSING_AND_PASSING,351260910,spirals-bears,16,458888984,506462208
4c745e6f-5453-4a37-b2b3-14647c2331ea_03-18-week2-PASSING_AND_PASSING,350814000,spirals-bears,16,458884136,506462208
4c745e6f-5453-4a37-b2b3-14647c2331ea_03-18-week2-PASSING_AND_PASSING,350852093,spirals-bears,16,458884040,506462208
4c745e6f-5453-4a37-b2b3-14647c2331ea_03-18-week2-PASSING_AND_PASSING,342982939,spirals-bears,16,458890000,506462208
4c745e6f-5453-4a37-b2b3-14647c2331ea_03-18-week2-PASSING_AND_PASSING,350245636,spirals-bears,16,458890080,506462208
4c745e6f-5453-4a37-b2b3-14647c2331ea_03-18-week2-PASSING_AND_PASSING,349896253,spirals-bears,16,458890000,506462208
4c745e6f-5453-4a37-b2b3-14647c2331ea_03-18-week2-PASSING_AND_PASSING,350302444,spirals-bears,16,458890064,506462208
4c745e6f-5453-4a37-b2b3-14647c2331ea_03-18-week2-PASSING_AND_PASSING,352859019,spirals-bears,16,458890376,506462208
4c745e6f-5453-4a37-b2b3-14647c2331ea_03-18-week2-PASSING_AND_PASSING,352873329,spirals-bears,16,458884536,506462208
4c745e6f-5453-4a37-b2b3-14647c2331ea_03-18-week2-PASSING_AND_PASSING,352866214,spirals-bears,16,458884672,506462208
4c745e6f-5453-4a37-b2b3-14647c2331ea_03-18-week2-PASSING_AND_PASSING,352866180,spirals-bears,16,458884536,506462208
4c745e6f-5453-4a37-b2b3-14647c2331ea_03-18-week2-PASSING_AND_PASSING,352845231,spirals-bears,16,458884448,506462208
4c745e6f-5453-4a37-b2b3-14647c2331ea_03-18-week2-PASSING_AND_PASSING,352844926,spirals-bears,16,458896240,506462208
4c745e6f-5453-4a37-b2b3-14647c2331ea_03-18-week2-PASSING_AND_PASSING,352844699,spirals-bears,16,458888896,506462208
4c745e6f-5453-4a37-b2b3-14647c2331ea_03-18-week2-PASSING_AND_PASSING,352845254,spirals-bears,16,458896160,506462208
4c745e6f-5453-4a37-b2b3-14647c2331ea_03-18-week2-PASSING_AND_PASSING,351326279,spirals-bears,16,458884224,506462208
4c745e6f-5453-4a37-b2b3-14647c2331ea_03-18-week2-PASSING_AND_PASSING,351323186,spirals-bears,16,458883736,506462208
4c745e6f-5453-4a37-b2b3-14647c2331ea_03-18-week2-PASSING_AND_PASSING,350803527,spirals-bears,16,458884216,506462208
4c745e6f-5453-4a37-b2b3-14647c2331ea_03-18-week2-PASSING_AND_PASSING,350710605,spirals-bears,16,458884432,506462208
4c745e6f-5453-4a37-b2b3-14647c2331ea_03-18-week2-PASSING_AND_PASSING,350799097,spirals-bears,16,458896792,506462208
4c745e6f-5453-4a37-b2b3-14647c2331ea_03-18-week2-PASSING_AND_PASSING,350799055,spirals-bears,16,458884288,506462208
4c745e6f-5453-4a37-b2b3-14647c2331ea_03-18-week2-PASSING_AND_PASSING,350795011,spirals-bears,16,458884144,506462208
4c745e6f-5453-4a37-b2b3-14647c2331ea_03-18-week2-PASSING_AND_PASSING,350795034,spirals-bears,16,458889648,506462208
4c745e6f-5453-4a37-b2b3-14647c2331ea_03-18-week2-PASSING_AND_PASSING,350790357,spirals-bears,16,458896576,506462208
4c745e6f-5453-4a37-b2b3-14647c2331ea_03-18-week2-PASSING_AND_PASSING,350790335,spirals-bears,16,458890320,506462208
4c745e6f-5453-4a37-b2b3-14647c2331ea_03-18-week2-PASSING_AND_PASSING,350785916,spirals-bears,16,458889960,506462208
4c745e6f-5453-4a37-b2b3-14647c2331ea_03-18-week2-PASSING_AND_PASSING,350770662,spirals-bears,16,458889968,506462208
4c745e6f-5453-4a37-b2b3-14647c2331ea_03-18-week2-PASSING_AND_PASSING,350785832,spirals-bears,16,458890568,506462208
4c745e6f-5453-4a37-b2b3-14647c2331ea_03-18-week2-PASSING_AND_PASSING,350784450,spirals-bears,16,458883992,506462208
4c745e6f-5453-4a37-b2b3-14647c2331ea_03-18-week2-PASSING_AND_PASSING,350762315,spirals-bears,16,458890344,506462208
4c745e6f-5453-4a37-b2b3-14647c2331ea_03-18-week2-PASSING_AND_PASSING,350762342,spirals-bears,16,458889928,506462208
4c745e6f-5453-4a37-b2b3-14647c2331ea_03-18-week2-PASSING_AND_PASSING,350752247,spirals-bears,16,458883712,506462208
4c745e6f-5453-4a37-b2b3-14647c2331ea_03-18-week2-PASSING_AND_PASSING,350752196,spirals-bears,16,458889880,506462208
4c745e6f-5453-4a37-b2b3-14647c2331ea_03-18-week2-PASSING_AND_PASSING,350747004,spirals-bears,16,458883840,506462208
4c745e6f-5453-4a37-b2b3-14647c2331ea_03-18-week2-PASSING_AND_PASSING,350746960,spirals-bears,16,458889872,506462208
4c745e6f-5453-4a37-b2b3-14647c2331ea_03-18-week2-PASSING_AND_PASSING,350737477,spirals-bears,16,458889168,506462208
4c745e6f-5453-4a37-b2b3-14647c2331ea_03-18-week2-PASSING_AND_PASSING,350737527,spirals-bears,16,458890000,506462208
4c745e6f-5453-4a37-b2b3-14647c2331ea_03-18-week2-PASSING_AND_PASSING,350377892,spirals-bears,16,458883768,506462208
4c745e6f-5453-4a37-b2b3-14647c2331ea_03-18-week2-PASSING_AND_PASSING,350378033,spirals-bears,16,458890112,506462208
4c745e6f-5453-4a37-b2b3-14647c2331ea_03-18-week2-PASSING_AND_PASSING,350200243,spirals-bears,16,458890296,506462208
4c745e6f-5453-4a37-b2b3-14647c2331ea_03-18-week2-PASSING_AND_PASSING,353420125,spirals-bears,16,458889984,506462208
4c745e6f-5453-4a37-b2b3-14647c2331ea_03-18-week2-PASSING_AND_PASSING,353292562,spirals-bears,16,458889888,506462208
4c745e6f-5453-4a37-b2b3-14647c2331ea_03-18-week2-PASSING_AND_PASSING,352555911,spirals-bears,16,458889936,506462208
4c745e6f-5453-4a37-b2b3-14647c2331ea_03-18-week2-PASSING_AND_PASSING,352553964,spirals-bears,16,458883976,506462208
4c745e6f-5453-4a37-b2b3-14647c2331ea_03-18-week2-PASSING_AND_PASSING,351992833,spirals-bears,16,458889952,506462208
4c745e6f-5453-4a37-b2b3-14647c2331ea_03-18-week2-PASSING_AND_PASSING,351923704,spirals-bears,16,458889952,506462208
4c745e6f-5453-4a37-b2b3-14647c2331ea_03-18-week2-PASSING_AND_PASSING,351755112,spirals-bears,16,458889928,506462208
4c745e6f-5453-4a37-b2b3-14647c2331ea_03-18-week2-PASSING_AND_PASSING,351513102,spirals-bears,16,458889928,506462208
4c745e6f-5453-4a37-b2b3-14647c2331ea_03-18-week2-PASSING_AND_PASSING,351667649,spirals-bears,16,458890248,506462208
4c745e6f-5453-4a37-b2b3-14647c2331ea_03-18-week2-PASSING_AND_PASSING,352411560,spirals-bears,16,458889792,506462208
4c745e6f-5453-4a37-b2b3-14647c2331ea_03-18-week2-PASSING_AND_PASSING,341297540,spirals-bears,16,458890000,506462208
4c745e6f-5453-4a37-b2b3-14647c2331ea_03-18-week2-PASSING_AND_PASSING,351937208,spirals-bears,16,458889912,506462208
4c745e6f-5453-4a37-b2b3-14647c2331ea_03-18-week2-PASSING_AND_PASSING,350767148,spirals-bears,16,458896456,506462208
4c745e6f-5453-4a37-b2b3-14647c2331ea_03-18-week2-PASSING_AND_PASSING,350573031,spirals-bears,16,458889608,506462208
4c745e6f-5453-4a37-b2b3-14647c2331ea_03-18-week2-PASSING_AND_PASSING,353059531,spirals-bears,16,458889936,506462208
4c745e6f-5453-4a37-b2b3-14647c2331ea_03-18-week2-PASSING_AND_PASSING,352885727,spirals-bears,16,458890088,506462208
4c745e6f-5453-4a37-b2b3-14647c2331ea_03-18-week2-PASSING_AND_PASSING,353046207,spirals-bears,16,458896232,506462208
4c745e6f-5453-4a37-b2b3-14647c2331ea_03-18-week2-PASSING_AND_PASSING,351055248,spirals-bears,16,458890000,506462208
4c745e6f-5453-4a37-b2b3-14647c2331ea_03-18-week2-PASSING_AND_PASSING,350959940,spirals-bears,16,458889896,506462208
4c745e6f-5453-4a37-b2b3-14647c2331ea_03-18-week2-PASSING_AND_PASSING,350501804,spirals-bears,16,458890288,506462208
4c745e6f-5453-4a37-b2b3-14647c2331ea_03-18-week2-PASSING_AND_PASSING,351045005,spirals-bears,16,458889920,506462208
4c745e6f-5453-4a37-b2b3-14647c2331ea_03-18-week2-PASSING_AND_PASSING,350568262,spirals-bears,16,458889856,506462208
4c745e6f-5453-4a37-b2b3-14647c2331ea_03-18-week2-PASSING_AND_PASSING,349914750,spirals-bears,16,458890088,506462208
4c745e6f-5453-4a37-b2b3-14647c2331ea_03-18-week2-PASSING_AND_PASSING,352397768,spirals-bears,16,458890384,506462208
4c745e6f-5453-4a37-b2b3-14647c2331ea_03-18-week2-PASSING_AND_PASSING,352397724,spirals-bears,16,458890128,506462208
4c745e6f-5453-4a37-b2b3-14647c2331ea_03-18-week2-PASSING_AND_PASSING,352397499,spirals-bears,16,458889832,506462208
4c745e6f-5453-4a37-b2b3-14647c2331ea_03-18-week2-PASSING_AND_PASSING,351749848,spirals-bears,16,458889968,506462208
4c745e6f-5453-4a37-b2b3-14647c2331ea_03-18-week2-PASSING_AND_PASSING,349732914,spirals-bears,16,458890672,506462208
4c745e6f-5453-4a37-b2b3-14647c2331ea_03-18-week2-PASSING_AND_PASSING,352603847,spirals-bears,16,458890168,506462208
4c745e6f-5453-4a37-b2b3-14647c2331ea_03-18-week2-PASSING_AND_PASSING,346529053,spirals-bears,16,458890232,506462208
4c745e6f-5453-4a37-b2b3-14647c2331ea_03-18-week2-PASSING_AND_PASSING,352618464,spirals-bears,16,458889936,506462208
4c745e6f-5453-4a37-b2b3-14647c2331ea_03-18-week2-PASSING_AND_PASSING,349536358,spirals-bears,16,458889944,506462208
4c745e6f-5453-4a37-b2b3-14647c2331ea_03-18-week2-PASSING_AND_PASSING,351990958,spirals-bears,16,458889760,506462208
4c745e6f-5453-4a37-b2b3-14647c2331ea_03-18-week2-PASSING_AND_PASSING,351963954,spirals-bears,16,458889904,506462208
4c745e6f-5453-4a37-b2b3-14647c2331ea_03-18-week2-PASSING_AND_PASSING,352716696,spirals-bears,16,458890336,506462208
4c745e6f-5453-4a37-b2b3-14647c2331ea_03-18-week2-PASSING_AND_PASSING,352270650,spirals-bears,16,458890032,506462208
4c745e6f-5453-4a37-b2b3-14647c2331ea_03-18-week2-PASSING_AND_PASSING,351634283,spirals-bears,16,458896264,506462208
4c745e6f-5453-4a37-b2b3-14647c2331ea_03-18-week2-PASSING_AND_PASSING,352548587,spirals-bears,16,458889904,506462208
4c745e6f-5453-4a37-b2b3-14647c2331ea_03-18-week2-PASSING_AND_PASSING,352543905,spirals-bears,16,458884504,506462208
4c745e6f-5453-4a37-b2b3-14647c2331ea_03-18-week2-PASSING_AND_PASSING,352269611,spirals-bears,16,458890096,506462208
4c745e6f-5453-4a37-b2b3-14647c2331ea_03-18-week2-PASSING_AND_PASSING,352521062,spirals-bears,16,458889912,506462208
4c745e6f-5453-4a37-b2b3-14647c2331ea_03-18-week2-PASSING_AND_PASSING,352519037,spirals-bears,16,458889776,506462208
4c745e6f-5453-4a37-b2b3-14647c2331ea_03-18-week2-PASSING_AND_PASSING,352055745,spirals-bears,16,458890104,506462208
4c745e6f-5453-4a37-b2b3-14647c2331ea_03-18-week2-PASSING_AND_PASSING,352439855,spirals-bears,16,458890344,506462208
4c745e6f-5453-4a37-b2b3-14647c2331ea_03-18-week2-PASSING_AND_PASSING,352439785,spirals-bears,16,458890296,506462208
4c745e6f-5453-4a37-b2b3-14647c2331ea_03-18-week2-PASSING_AND_PASSING,352076625,spirals-bears,16,458890000,506462208
4c745e6f-5453-4a37-b2b3-14647c2331ea_03-18-week2-PASSING_AND_PASSING,352043350,spirals-bears,16,458890304,506462208
4c745e6f-5453-4a37-b2b3-14647c2331ea_03-18-week2-PASSING_AND_PASSING,352040343,spirals-bears,16,458890120,506462208
4c745e6f-5453-4a37-b2b3-14647c2331ea_03-18-week2-PASSING_AND_PASSING,352044584,spirals-bears,16,458890456,506462208
4c745e6f-5453-4a37-b2b3-14647c2331ea_03-18-week2-PASSING_AND_PASSING,352041800,spirals-bears,16,458890000,506462208
4c745e6f-5453-4a37-b2b3-14647c2331ea_03-18-week2-PASSING_AND_PASSING,352037550,spirals-bears,16,458884168,506462208
4c745e6f-5453-4a37-b2b3-14647c2331ea_03-18-week2-PASSING_AND_PASSING,352037557,spirals-bears,16,458884296,506462208
4c745e6f-5453-4a37-b2b3-14647c2331ea_03-18-week2-PASSING_AND_PASSING,351772075,spirals-bears,16,458890040,506462208
4c745e6f-5453-4a37-b2b3-14647c2331ea_03-18-week2-PASSING_AND_PASSING,352035810,spirals-bears,16,458890128,506462208
4c745e6f-5453-4a37-b2b3-14647c2331ea_03-18-week2-PASSING_AND_PASSING,352035551,spirals-bears,16,458890336,506462208
4c745e6f-5453-4a37-b2b3-14647c2331ea_03-18-week2-PASSING_AND_PASSING,351795772,spirals-bears,16,458890224,506462208
4c745e6f-5453-4a37-b2b3-14647c2331ea_03-18-week2-PASSING_AND_PASSING,351658458,spirals-bears,16,458890344,506462208
4c745e6f-5453-4a37-b2b3-14647c2331ea_03-18-week2-PASSING_AND_PASSING,351657620,spirals-bears,16,458883920,506462208
4c745e6f-5453-4a37-b2b3-14647c2331ea_03-18-week2-PASSING_AND_PASSING,351698563,spirals-bears,16,458889776,506462208
4c745e6f-5453-4a37-b2b3-14647c2331ea_03-18-week2-PASSING_AND_PASSING,351759804,spirals-bears,16,458884048,506462208
4c745e6f-5453-4a37-b2b3-14647c2331ea_03-18-week2-PASSING_AND_PASSING,351769124,spirals-bears,16,458889976,506462208
4c745e6f-5453-4a37-b2b3-14647c2331ea_03-18-week2-PASSING_AND_PASSING,351759763,spirals-bears,16,458890232,506462208
4c745e6f-5453-4a37-b2b3-14647c2331ea_03-18-week2-PASSING_AND_PASSING,351766190,spirals-bears,16,458889976,506462208
4c745e6f-5453-4a37-b2b3-14647c2331ea_03-18-week2-PASSING_AND_PASSING,351766187,spirals-bears,16,458889960,506462208
4c745e6f-5453-4a37-b2b3-14647c2331ea_03-18-week2-PASSING_AND_PASSING,351765606,spirals-bears,16,458890128,506462208
4c745e6f-5453-4a37-b2b3-14647c2331ea_03-18-week2-PASSING_AND_PASSING,351765627,spirals-bears,16,458890296,506462208
4c745e6f-5453-4a37-b2b3-14647c2331ea_03-18-week2-PASSING_AND_PASSING,351517557,spirals-bears,16,458884208,506462208
4c745e6f-5453-4a37-b2b3-14647c2331ea_03-18-week2-PASSING_AND_PASSING,351692886,spirals-bears,16,458896496,506462208
4c745e6f-5453-4a37-b2b3-14647c2331ea_03-18-week2-PASSING_AND_PASSING,351754528,spirals-bears,16,458888848,506462208
4c745e6f-5453-4a37-b2b3-14647c2331ea_03-18-week2-PASSING_AND_PASSING,351741400,spirals-bears,16,458890264,506462208
4c745e6f-5453-4a37-b2b3-14647c2331ea_03-18-week2-PASSING_AND_PASSING,351403527,spirals-bears,16,458889976,506462208
4c745e6f-5453-4a37-b2b3-14647c2331ea_03-18-week2-PASSING_AND_PASSING,351754516,spirals-bears,16,461532632,506462208
4c745e6f-5453-4a37-b2b3-14647c2331ea_03-18-week2-PASSING_AND_PASSING,351723936,spirals-bears,16,458889576,506462208
4c745e6f-5453-4a37-b2b3-14647c2331ea_03-18-week2-PASSING_AND_PASSING,351727715,spirals-bears,16,458889896,506462208
4c745e6f-5453-4a37-b2b3-14647c2331ea_03-18-week2-PASSING_AND_PASSING,351723217,spirals-bears,16,458889272,506462208
4c745e6f-5453-4a37-b2b3-14647c2331ea_03-18-week2-PASSING_AND_PASSING,350428555,spirals-bears,16,458890344,506462208
4c745e6f-5453-4a37-b2b3-14647c2331ea_03-18-week2-PASSING_AND_PASSING,351511822,spirals-bears,16,458884144,506462208
4c745e6f-5453-4a37-b2b3-14647c2331ea_03-18-week2-PASSING_AND_PASSING,350363637,spirals-bears,16,458884104,506462208
4c745e6f-5453-4a37-b2b3-14647c2331ea_03-18-week2-PASSING_AND_PASSING,351633465,spirals-bears,16,458889952,506462208
4c745e6f-5453-4a37-b2b3-14647c2331ea_03-18-week2-PASSING_AND_PASSING,351633451,spirals-bears,16,458883784,506462208
4c745e6f-5453-4a37-b2b3-14647c2331ea_03-18-week2-PASSING_AND_PASSING,351073350,spirals-bears,16,458884224,506462208
4c745e6f-5453-4a37-b2b3-14647c2331ea_03-18-week2-PASSING_AND_PASSING,351611478,spirals-bears,16,458884512,506462208
4c745e6f-5453-4a37-b2b3-14647c2331ea_03-18-week2-PASSING_AND_PASSING,349517460,spirals-bears,16,458890104,506462208
4c745e6f-5453-4a37-b2b3-14647c2331ea_03-18-week2-PASSING_AND_PASSING,351258914,spirals-bears,16,458890104,506462208
4c745e6f-5453-4a37-b2b3-14647c2331ea_03-18-week2-PASSING_AND_PASSING,351206998,spirals-bears,16,458889912,506462208
4c745e6f-5453-4a37-b2b3-14647c2331ea_03-18-week2-PASSING_AND_PASSING,350766991,spirals-bears,16,458889912,506462208
4c745e6f-5453-4a37-b2b3-14647c2331ea_03-18-week2-PASSING_AND_PASSING,349991819,spirals-bears,16,458896192,506462208
4c745e6f-5453-4a37-b2b3-14647c2331ea_03-18-week2-PASSING_AND_PASSING,349985832,spirals-bears,16,458889936,506462208
4c745e6f-5453-4a37-b2b3-14647c2331ea_03-18-week2-PASSING_AND_PASSING,352792190,spirals-bears,16,458889304,506462208
4c745e6f-5453-4a37-b2b3-14647c2331ea_03-18-week2-PASSING_AND_PASSING,351311115,spirals-bears,16,458889976,506462208
4c745e6f-5453-4a37-b2b3-14647c2331ea_03-18-week2-PASSING_AND_PASSING,350752391,spirals-bears,16,458889808,506462208
4c745e6f-5453-4a37-b2b3-14647c2331ea_03-18-week2-PASSING_AND_PASSING,350752412,spirals-bears,16,458890152,506462208
4c745e6f-5453-4a37-b2b3-14647c2331ea_03-18-week2-PASSING_AND_PASSING,350362149,spirals-bears,16,458889944,506462208
4c745e6f-5453-4a37-b2b3-14647c2331ea_03-18-week2-PASSING_AND_PASSING,350362153,spirals-bears,16,458890064,506462208
4c745e6f-5453-4a37-b2b3-14647c2331ea_03-18-week2-PASSING_AND_PASSING,345310208,spirals-bears,16,458889896,506462208
4c745e6f-5453-4a37-b2b3-14647c2331ea_03-18-week2-PASSING_AND_PASSING,350907621,spirals-bears,16,458890176,506462208
4c745e6f-5453-4a37-b2b3-14647c2331ea_03-18-week2-PASSING_AND_PASSING,344705684,spirals-bears,16,458889800,506462208
4c745e6f-5453-4a37-b2b3-14647c2331ea_03-18-week2-PASSING_AND_PASSING,318130269,spirals-bears,16,458890000,506462208
4c745e6f-5453-4a37-b2b3-14647c2331ea_03-18-week2-PASSING_AND_PASSING,352965626,spirals-bears,16,458889752,506462208
4c745e6f-5453-4a37-b2b3-14647c2331ea_03-18-week2-PASSING_AND_PASSING,350744105,spirals-bears,16,458889928,506462208
4c745e6f-5453-4a37-b2b3-14647c2331ea_03-18-week2-PASSING_AND_PASSING,353272297,spirals-bears,16,458889312,506462208
4c745e6f-5453-4a37-b2b3-14647c2331ea_03-18-week2-PASSING_AND_PASSING,352951926,spirals-bears,16,458889952,506462208
4c745e6f-5453-4a37-b2b3-14647c2331ea_03-18-week2-PASSING_AND_PASSING,352753789,spirals-bears,16,458889832,506462208
4c745e6f-5453-4a37-b2b3-14647c2331ea_03-18-week2-PASSING_AND_PASSING,352124787,spirals-bears,16,458889248,506462208
4c745e6f-5453-4a37-b2b3-14647c2331ea_03-18-week2-PASSING_AND_PASSING,351529514,spirals-bears,16,458890000,506462208
4c745e6f-5453-4a37-b2b3-14647c2331ea_03-18-week2-PASSING_AND_PASSING,351126405,spirals-bears,16,458889976,506462208
4c745e6f-5453-4a37-b2b3-14647c2331ea_03-18-week2-PASSING_AND_PASSING,350821198,spirals-bears,16,458889968,506462208
4c745e6f-5453-4a37-b2b3-14647c2331ea_03-18-week2-PASSING_AND_PASSING,353182635,spirals-bears,16,458889936,506462208
4c745e6f-5453-4a37-b2b3-14647c2331ea_03-18-week2-PASSING_AND_PASSING,352905431,spirals-bears,16,458889944,506462208
4c745e6f-5453-4a37-b2b3-14647c2331ea_03-18-week2-PASSING_AND_PASSING,352510124,spirals-bears,16,458890040,506462208
4c745e6f-5453-4a37-b2b3-14647c2331ea_03-18-week2-PASSING_AND_PASSING,352208687,spirals-bears,16,458890296,506462208
4c745e6f-5453-4a37-b2b3-14647c2331ea_03-18-week2-PASSING_AND_PASSING,352802845,spirals-bears,16,458889840,506462208
4c745e6f-5453-4a37-b2b3-14647c2331ea_03-18-week2-PASSING_AND_PASSING,346200473,spirals-bears,16,458889544,506462208
4c745e6f-5453-4a37-b2b3-14647c2331ea_03-18-week2-PASSING_AND_PASSING,351963048,spirals-bears,16,458889864,506462208
4c745e6f-5453-4a37-b2b3-14647c2331ea_03-18-week2-PASSING_AND_PASSING,350772864,spirals-bears,16,458889928,506462208
4c745e6f-5453-4a37-b2b3-14647c2331ea_03-18-week2-PASSING_AND_PASSING,350726791,spirals-bears,16,458889880,506462208
4c745e6f-5453-4a37-b2b3-14647c2331ea_03-18-week2-PASSING_AND_PASSING,351188482,spirals-bears,16,458890376,506462208
4c745e6f-5453-4a37-b2b3-14647c2331ea_03-18-week2-PASSING_AND_PASSING,350442733,spirals-bears,16,458890376,506462208
4c745e6f-5453-4a37-b2b3-14647c2331ea_03-18-week2-PASSING_AND_PASSING,352067521,spirals-bears,16,458884032,506462208
4c745e6f-5453-4a37-b2b3-14647c2331ea_03-18-week2-PASSING_AND_PASSING,352067503,spirals-bears,16,458889968,506462208
4c745e6f-5453-4a37-b2b3-14647c2331ea_03-18-week2-PASSING_AND_PASSING,351773609,spirals-bears,16,458890000,506462208
4c745e6f-5453-4a37-b2b3-14647c2331ea_03-18-week2-PASSING_AND_PASSING,351739404,spirals-bears,16,458889632,506462208
4c745e6f-5453-4a37-b2b3-14647c2331ea_03-18-week2-PASSING_AND_PASSING,343885897,spirals-bears,16,458890104,506462208
4c745e6f-5453-4a37-b2b3-14647c2331ea_03-18-week2-PASSING_AND_PASSING,352355662,spirals-bears,16,458889888,506462208
4c745e6f-5453-4a37-b2b3-14647c2331ea_03-18-week2-PASSING_AND_PASSING,350742174,spirals-bears,16,458890336,506462208
4c745e6f-5453-4a37-b2b3-14647c2331ea_03-18-week2-PASSING_AND_PASSING,350742165,spirals-bears,16,458896520,506462208
4c745e6f-5453-4a37-b2b3-14647c2331ea_03-18-week2-PASSING_AND_PASSING,349697765,spirals-bears,16,458889896,506462208
4c745e6f-5453-4a37-b2b3-14647c2331ea_03-18-week2-PASSING_AND_PASSING,349697744,spirals-bears,16,458890088,506462208
4c745e6f-5453-4a37-b2b3-14647c2331ea_03-18-week2-PASSING_AND_PASSING,350934109,spirals-bears,16,458884168,506462208
4c745e6f-5453-4a37-b2b3-14647c2331ea_03-18-week2-PASSING_AND_PASSING,351288135,spirals-bears,16,458888712,506462208
4c745e6f-5453-4a37-b2b3-14647c2331ea_03-18-week2-PASSING_AND_PASSING,353217854,spirals-bears,16,458896504,506462208
4c745e6f-5453-4a37-b2b3-14647c2331ea_03-18-week2-PASSING_AND_PASSING,353197518,spirals-bears,16,458889992,506462208
4c745e6f-5453-4a37-b2b3-14647c2331ea_03-18-week2-PASSING_AND_PASSING,353195921,spirals-bears,16,458889864,506462208
4c745e6f-5453-4a37-b2b3-14647c2331ea_03-18-week2-PASSING_AND_PASSING,353026212,spirals-bears,16,458890120,506462208
4c745e6f-5453-4a37-b2b3-14647c2331ea_03-18-week2-PASSING_AND_PASSING,353021542,spirals-bears,16,458886248,506462208
4c745e6f-5453-4a37-b2b3-14647c2331ea_03-18-week2-PASSING_AND_PASSING,353020071,spirals-bears,16,458890000,506462208
4c745e6f-5453-4a37-b2b3-14647c2331ea_03-18-week2-PASSING_AND_PASSING,353019537,spirals-bears,16,458890000,506462208
4c745e6f-5453-4a37-b2b3-14647c2331ea_03-18-week2-PASSING_AND_PASSING,352997502,spirals-bears,16,458888960,506462208
4c745e6f-5453-4a37-b2b3-14647c2331ea_03-18-week2-PASSING_AND_PASSING,352819052,spirals-bears,16,458889896,506462208
4c745e6f-5453-4a37-b2b3-14647c2331ea_03-18-week2-PASSING_AND_PASSING,352818751,spirals-bears,16,458884592,506462208
4c745e6f-5453-4a37-b2b3-14647c2331ea_03-18-week2-PASSING_AND_PASSING,352763064,spirals-bears,16,458890168,506462208
4c745e6f-5453-4a37-b2b3-14647c2331ea_03-18-week2-PASSING_AND_PASSING,352756650,spirals-bears,16,458884528,506462208
4c745e6f-5453-4a37-b2b3-14647c2331ea_03-18-week2-PASSING_AND_PASSING,352745004,spirals-bears,16,458895688,506462208
4c745e6f-5453-4a37-b2b3-14647c2331ea_03-18-week2-PASSING_AND_PASSING,352740595,spirals-bears,16,458889928,506462208
4c745e6f-5453-4a37-b2b3-14647c2331ea_03-18-week2-PASSING_AND_PASSING,352733760,spirals-bears,16,458890304,506462208
4c745e6f-5453-4a37-b2b3-14647c2331ea_03-18-week2-PASSING_AND_PASSING,352717473,spirals-bears,16,458890152,506462208
4c745e6f-5453-4a37-b2b3-14647c2331ea_03-18-week2-PASSING_AND_PASSING,352715670,spirals-bears,16,458890168,506462208
4c745e6f-5453-4a37-b2b3-14647c2331ea_03-18-week2-PASSING_AND_PASSING,352714546,spirals-bears,16,458884120,506462208
4c745e6f-5453-4a37-b2b3-14647c2331ea_03-18-week2-PASSING_AND_PASSING,352714031,spirals-bears,16,458888824,506462208
4c745e6f-5453-4a37-b2b3-14647c2331ea_03-18-week2-PASSING_AND_PASSING,352713666,spirals-bears,16,458889864,506462208
4c745e6f-5453-4a37-b2b3-14647c2331ea_03-18-week2-PASSING_AND_PASSING,352548782,spirals-bears,16,458890272,506462208
4c745e6f-5453-4a37-b2b3-14647c2331ea_03-18-week2-PASSING_AND_PASSING,352545225,spirals-bears,16,458890088,506462208
4c745e6f-5453-4a37-b2b3-14647c2331ea_03-18-week2-PASSING_AND_PASSING,352544119,spirals-bears,16,458890384,506462208
4c745e6f-5453-4a37-b2b3-14647c2331ea_03-18-week2-PASSING_AND_PASSING,352542083,spirals-bears,16,458883952,506462208
4c745e6f-5453-4a37-b2b3-14647c2331ea_03-18-week2-PASSING_AND_PASSING,352540475,spirals-bears,16,458890112,506462208
4c745e6f-5453-4a37-b2b3-14647c2331ea_03-18-week2-PASSING_AND_PASSING,352538194,spirals-bears,16,458884496,506462208
4c745e6f-5453-4a37-b2b3-14647c2331ea_03-18-week2-PASSING_AND_PASSING,352521972,spirals-bears,16,458889880,506462208
4c745e6f-5453-4a37-b2b3-14647c2331ea_03-18-week2-PASSING_AND_PASSING,352488818,spirals-bears,16,458884280,506462208
4c745e6f-5453-4a37-b2b3-14647c2331ea_03-18-week2-PASSING_AND_PASSING,352479082,spirals-bears,16,458884648,506462208
4c745e6f-5453-4a37-b2b3-14647c2331ea_03-18-week2-PASSING_AND_PASSING,352477069,spirals-bears,16,458889864,506462208
4c745e6f-5453-4a37-b2b3-14647c2331ea_03-18-week2-PASSING_AND_PASSING,352475441,spirals-bears,16,458890232,506462208
4c745e6f-5453-4a37-b2b3-14647c2331ea_03-18-week2-PASSING_AND_PASSING,352474460,spirals-bears,16,458890152,506462208
4c745e6f-5453-4a37-b2b3-14647c2331ea_03-18-week2-PASSING_AND_PASSING,352358011,spirals-bears,16,458890000,506462208
4c745e6f-5453-4a37-b2b3-14647c2331ea_03-18-week2-PASSING_AND_PASSING,352333327,spirals-bears,16,458884128,506462208
4c745e6f-5453-4a37-b2b3-14647c2331ea_03-18-week2-PASSING_AND_PASSING,352300119,spirals-bears,16,458883952,506462208
4c745e6f-5453-4a37-b2b3-14647c2331ea_03-18-week2-PASSING_AND_PASSING,352296815,spirals-bears,16,458889768,506462208
4c745e6f-5453-4a37-b2b3-14647c2331ea_03-18-week2-PASSING_AND_PASSING,352291517,spirals-bears,16,458889960,506462208
4c745e6f-5453-4a37-b2b3-14647c2331ea_03-18-week2-PASSING_AND_PASSING,352291118,spirals-bears,16,458884152,506462208
4c745e6f-5453-4a37-b2b3-14647c2331ea_03-18-week2-PASSING_AND_PASSING,352287623,spirals-bears,16,458889944,506462208
4c745e6f-5453-4a37-b2b3-14647c2331ea_03-18-week2-PASSING_AND_PASSING,352283296,spirals-bears,16,458889088,506462208
4c745e6f-5453-4a37-b2b3-14647c2331ea_03-18-week2-PASSING_AND_PASSING,352282244,spirals-bears,16,458890352,506462208
4c745e6f-5453-4a37-b2b3-14647c2331ea_03-18-week2-PASSING_AND_PASSING,352281182,spirals-bears,16,458883736,506462208
4c745e6f-5453-4a37-b2b3-14647c2331ea_03-18-week2-PASSING_AND_PASSING,352271552,spirals-bears,16,458889944,506462208
4c745e6f-5453-4a37-b2b3-14647c2331ea_03-18-week2-PASSING_AND_PASSING,352235554,spirals-bears,16,458890408,506462208
4c745e6f-5453-4a37-b2b3-14647c2331ea_03-18-week2-PASSING_AND_PASSING,352233292,spirals-bears,16,458889800,506462208
4c745e6f-5453-4a37-b2b3-14647c2331ea_03-18-week2-PASSING_AND_PASSING,352218092,spirals-bears,16,458890000,506462208
4c745e6f-5453-4a37-b2b3-14647c2331ea_03-18-week2-PASSING_AND_PASSING,352196283,spirals-bears,16,458896144,506462208
4c745e6f-5453-4a37-b2b3-14647c2331ea_03-18-week2-PASSING_AND_PASSING,352193575,spirals-bears,16,458884216,506462208
4c745e6f-5453-4a37-b2b3-14647c2331ea_03-18-week2-PASSING_AND_PASSING,352079478,spirals-bears,16,458890000,506462208
4c745e6f-5453-4a37-b2b3-14647c2331ea_03-18-week2-PASSING_AND_PASSING,352077307,spirals-bears,16,458884528,506462208
4c745e6f-5453-4a37-b2b3-14647c2331ea_03-18-week2-PASSING_AND_PASSING,352076672,spirals-bears,16,458889904,506462208
4c745e6f-5453-4a37-b2b3-14647c2331ea_03-18-week2-PASSING_AND_PASSING,352074624,spirals-bears,16,458890096,506462208
4c745e6f-5453-4a37-b2b3-14647c2331ea_03-18-week2-PASSING_AND_PASSING,352073684,spirals-bears,16,458889704,506462208
4c745e6f-5453-4a37-b2b3-14647c2331ea_03-18-week2-PASSING_AND_PASSING,352072734,spirals-bears,16,458888752,506462208
4c745e6f-5453-4a37-b2b3-14647c2331ea_03-18-week2-PASSING_AND_PASSING,352072177,spirals-bears,16,458890000,506462208
4c745e6f-5453-4a37-b2b3-14647c2331ea_03-18-week2-PASSING_AND_PASSING,352070239,spirals-bears,16,458890000,506462208
4c745e6f-5453-4a37-b2b3-14647c2331ea_03-18-week2-PASSING_AND_PASSING,352067715,spirals-bears,16,458889808,506462208
4c745e6f-5453-4a37-b2b3-14647c2331ea_03-18-week2-PASSING_AND_PASSING,352065478,spirals-bears,16,458890088,506462208
4c745e6f-5453-4a37-b2b3-14647c2331ea_03-18-week2-PASSING_AND_PASSING,352063464,spirals-bears,16,458884600,506462208
4c745e6f-5453-4a37-b2b3-14647c2331ea_03-18-week2-PASSING_AND_PASSING,352062166,spirals-bears,16,458889880,506462208
4c745e6f-5453-4a37-b2b3-14647c2331ea_03-18-week2-PASSING_AND_PASSING,351696057,spirals-bears,16,458890192,506462208
4c745e6f-5453-4a37-b2b3-14647c2331ea_03-18-week2-PASSING_AND_PASSING,352057186,spirals-bears,16,458889976,506462208
4c745e6f-5453-4a37-b2b3-14647c2331ea_03-18-week2-PASSING_AND_PASSING,351683116,spirals-bears,16,458889928,506462208
4c745e6f-5453-4a37-b2b3-14647c2331ea_03-18-week2-PASSING_AND_PASSING,351654985,spirals-bears,16,458890400,506462208
4c745e6f-5453-4a37-b2b3-14647c2331ea_03-18-week2-PASSING_AND_PASSING,351544216,spirals-bears,16,458884064,506462208
4c745e6f-5453-4a37-b2b3-14647c2331ea_03-18-week2-PASSING_AND_PASSING,351258060,spirals-bears,16,458890000,506462208
4c745e6f-5453-4a37-b2b3-14647c2331ea_03-18-week2-PASSING_AND_PASSING,351266880,spirals-bears,16,458884496,506462208
4c745e6f-5453-4a37-b2b3-14647c2331ea_03-18-week2-PASSING_AND_PASSING,351219119,spirals-bears,16,458884096,506462208
4c745e6f-5453-4a37-b2b3-14647c2331ea_03-18-week2-PASSING_AND_PASSING,351214603,spirals-bears,16,458890272,506462208
4c745e6f-5453-4a37-b2b3-14647c2331ea_03-18-week2-PASSING_AND_PASSING,350947674,spirals-bears,16,458889904,506462208
4c745e6f-5453-4a37-b2b3-14647c2331ea_03-18-week2-PASSING_AND_PASSING,350334266,spirals-bears,16,458889864,506462208
