4f10a5c0-d543-4288-82ed-b7536ce5532c_03-18-week1-PASSING_AND_PASSING,dockerPool,spirals-bears,16,487961768,506462208
4f10a5c0-d543-4288-82ed-b7536ce5532c_03-18-week1-PASSING_AND_PASSING,349194648,spirals-bears,16,458889968,506462208
4f10a5c0-d543-4288-82ed-b7536ce5532c_03-18-week1-PASSING_AND_PASSING,349447912,spirals-bears,16,458889968,506462208
4f10a5c0-d543-4288-82ed-b7536ce5532c_03-18-week1-PASSING_AND_PASSING,348555855,spirals-bears,16,458884064,506462208
4f10a5c0-d543-4288-82ed-b7536ce5532c_03-18-week1-PASSING_AND_PASSING,349230074,spirals-bears,16,458890408,506462208
4f10a5c0-d543-4288-82ed-b7536ce5532c_03-18-week1-PASSING_AND_PASSING,348460979,spirals-bears,16,458888928,506462208
4f10a5c0-d543-4288-82ed-b7536ce5532c_03-18-week1-PASSING_AND_PASSING,348461087,spirals-bears,16,458889928,506462208
4f10a5c0-d543-4288-82ed-b7536ce5532c_03-18-week1-PASSING_AND_PASSING,348295141,spirals-bears,16,458889728,506462208
4f10a5c0-d543-4288-82ed-b7536ce5532c_03-18-week1-PASSING_AND_PASSING,348113510,spirals-bears,16,458883968,506462208
4f10a5c0-d543-4288-82ed-b7536ce5532c_03-18-week1-PASSING_AND_PASSING,347804148,spirals-bears,16,458883704,506462208
4f10a5c0-d543-4288-82ed-b7536ce5532c_03-18-week1-PASSING_AND_PASSING,348113205,spirals-bears,16,458889904,506462208
4f10a5c0-d543-4288-82ed-b7536ce5532c_03-18-week1-PASSING_AND_PASSING,347802672,spirals-bears,16,458890336,506462208
4f10a5c0-d543-4288-82ed-b7536ce5532c_03-18-week1-PASSING_AND_PASSING,347522266,spirals-bears,16,458890032,506462208
4f10a5c0-d543-4288-82ed-b7536ce5532c_03-18-week1-PASSING_AND_PASSING,345096341,spirals-bears,16,458883992,506462208
4f10a5c0-d543-4288-82ed-b7536ce5532c_03-18-week1-PASSING_AND_PASSING,347680338,spirals-bears,16,458883704,506462208
4f10a5c0-d543-4288-82ed-b7536ce5532c_03-18-week1-PASSING_AND_PASSING,347383299,spirals-bears,16,458889776,506462208
4f10a5c0-d543-4288-82ed-b7536ce5532c_03-18-week1-PASSING_AND_PASSING,347380600,spirals-bears,16,458883992,506462208
4f10a5c0-d543-4288-82ed-b7536ce5532c_03-18-week1-PASSING_AND_PASSING,347361390,spirals-bears,16,458884152,506462208
4f10a5c0-d543-4288-82ed-b7536ce5532c_03-18-week1-PASSING_AND_PASSING,347360781,spirals-bears,16,458889768,506462208
4f10a5c0-d543-4288-82ed-b7536ce5532c_03-18-week1-PASSING_AND_PASSING,350522409,spirals-bears,16,458890392,506462208
4f10a5c0-d543-4288-82ed-b7536ce5532c_03-18-week1-PASSING_AND_PASSING,349047796,spirals-bears,16,458890008,506462208
4f10a5c0-d543-4288-82ed-b7536ce5532c_03-18-week1-PASSING_AND_PASSING,350450317,spirals-bears,16,458884080,506462208
4f10a5c0-d543-4288-82ed-b7536ce5532c_03-18-week1-PASSING_AND_PASSING,350106732,spirals-bears,16,458890376,506462208
4f10a5c0-d543-4288-82ed-b7536ce5532c_03-18-week1-PASSING_AND_PASSING,350445815,spirals-bears,16,458890736,506462208
4f10a5c0-d543-4288-82ed-b7536ce5532c_03-18-week1-PASSING_AND_PASSING,350439987,spirals-bears,16,458884568,506462208
4f10a5c0-d543-4288-82ed-b7536ce5532c_03-18-week1-PASSING_AND_PASSING,350375137,spirals-bears,16,458884216,506462208
4f10a5c0-d543-4288-82ed-b7536ce5532c_03-18-week1-PASSING_AND_PASSING,350097276,spirals-bears,16,458884112,506462208
4f10a5c0-d543-4288-82ed-b7536ce5532c_03-18-week1-PASSING_AND_PASSING,350006724,spirals-bears,16,458883968,506462208
4f10a5c0-d543-4288-82ed-b7536ce5532c_03-18-week1-PASSING_AND_PASSING,349574114,spirals-bears,16,458883896,506462208
4f10a5c0-d543-4288-82ed-b7536ce5532c_03-18-week1-PASSING_AND_PASSING,349400065,spirals-bears,16,458883736,506462208
4f10a5c0-d543-4288-82ed-b7536ce5532c_03-18-week1-PASSING_AND_PASSING,349662654,spirals-bears,16,458884200,506462208
4f10a5c0-d543-4288-82ed-b7536ce5532c_03-18-week1-PASSING_AND_PASSING,349622659,spirals-bears,16,458884200,506462208
4f10a5c0-d543-4288-82ed-b7536ce5532c_03-18-week1-PASSING_AND_PASSING,347407017,spirals-bears,16,458896480,506462208
4f10a5c0-d543-4288-82ed-b7536ce5532c_03-18-week1-PASSING_AND_PASSING,349175854,spirals-bears,16,458883712,506462208
4f10a5c0-d543-4288-82ed-b7536ce5532c_03-18-week1-PASSING_AND_PASSING,349036808,spirals-bears,16,458884504,506462208
4f10a5c0-d543-4288-82ed-b7536ce5532c_03-18-week1-PASSING_AND_PASSING,348274527,spirals-bears,16,458890456,506462208
4f10a5c0-d543-4288-82ed-b7536ce5532c_03-18-week1-PASSING_AND_PASSING,348387258,spirals-bears,16,458890408,506462208
4f10a5c0-d543-4288-82ed-b7536ce5532c_03-18-week1-PASSING_AND_PASSING,348630377,spirals-bears,16,458884336,506462208
4f10a5c0-d543-4288-82ed-b7536ce5532c_03-18-week1-PASSING_AND_PASSING,347049283,spirals-bears,16,458889800,506462208
4f10a5c0-d543-4288-82ed-b7536ce5532c_03-18-week1-PASSING_AND_PASSING,348396706,spirals-bears,16,458889912,506462208
4f10a5c0-d543-4288-82ed-b7536ce5532c_03-18-week1-PASSING_AND_PASSING,348163886,spirals-bears,16,458889336,506462208
4f10a5c0-d543-4288-82ed-b7536ce5532c_03-18-week1-PASSING_AND_PASSING,348195712,spirals-bears,16,458884064,506462208
4f10a5c0-d543-4288-82ed-b7536ce5532c_03-18-week1-PASSING_AND_PASSING,345479047,spirals-bears,16,458883960,506462208
4f10a5c0-d543-4288-82ed-b7536ce5532c_03-18-week1-PASSING_AND_PASSING,348268272,spirals-bears,16,458884152,506462208
4f10a5c0-d543-4288-82ed-b7536ce5532c_03-18-week1-PASSING_AND_PASSING,349204878,spirals-bears,16,458889576,506462208
4f10a5c0-d543-4288-82ed-b7536ce5532c_03-18-week1-PASSING_AND_PASSING,297941773,spirals-bears,16,458889944,506462208
4f10a5c0-d543-4288-82ed-b7536ce5532c_03-18-week1-PASSING_AND_PASSING,336595635,spirals-bears,16,458889936,506462208
4f10a5c0-d543-4288-82ed-b7536ce5532c_03-18-week1-PASSING_AND_PASSING,349062059,spirals-bears,16,458890104,506462208
4f10a5c0-d543-4288-82ed-b7536ce5532c_03-18-week1-PASSING_AND_PASSING,348949039,spirals-bears,16,458883784,506462208
4f10a5c0-d543-4288-82ed-b7536ce5532c_03-18-week1-PASSING_AND_PASSING,341464251,spirals-bears,16,458890088,506462208
4f10a5c0-d543-4288-82ed-b7536ce5532c_03-18-week1-PASSING_AND_PASSING,346940274,spirals-bears,16,458883880,506462208
4f10a5c0-d543-4288-82ed-b7536ce5532c_03-18-week1-PASSING_AND_PASSING,348885966,spirals-bears,16,458889864,506462208
4f10a5c0-d543-4288-82ed-b7536ce5532c_03-18-week1-PASSING_AND_PASSING,348843177,spirals-bears,16,458889904,506462208
4f10a5c0-d543-4288-82ed-b7536ce5532c_03-18-week1-PASSING_AND_PASSING,348700630,spirals-bears,16,458890168,506462208
4f10a5c0-d543-4288-82ed-b7536ce5532c_03-18-week1-PASSING_AND_PASSING,348816632,spirals-bears,16,458884536,506462208
4f10a5c0-d543-4288-82ed-b7536ce5532c_03-18-week1-PASSING_AND_PASSING,348803695,spirals-bears,16,458888872,506462208
4f10a5c0-d543-4288-82ed-b7536ce5532c_03-18-week1-PASSING_AND_PASSING,348639691,spirals-bears,16,458889792,506462208
4f10a5c0-d543-4288-82ed-b7536ce5532c_03-18-week1-PASSING_AND_PASSING,346945092,spirals-bears,16,458884568,506462208
4f10a5c0-d543-4288-82ed-b7536ce5532c_03-18-week1-PASSING_AND_PASSING,348672375,spirals-bears,16,458884184,506462208
4f10a5c0-d543-4288-82ed-b7536ce5532c_03-18-week1-PASSING_AND_PASSING,348655491,spirals-bears,16,458889904,506462208
4f10a5c0-d543-4288-82ed-b7536ce5532c_03-18-week1-PASSING_AND_PASSING,348638882,spirals-bears,16,458890448,506462208
4f10a5c0-d543-4288-82ed-b7536ce5532c_03-18-week1-PASSING_AND_PASSING,348636399,spirals-bears,16,458884344,506462208
4f10a5c0-d543-4288-82ed-b7536ce5532c_03-18-week1-PASSING_AND_PASSING,347909035,spirals-bears,16,458884000,506462208
4f10a5c0-d543-4288-82ed-b7536ce5532c_03-18-week1-PASSING_AND_PASSING,348654577,spirals-bears,16,458890352,506462208
4f10a5c0-d543-4288-82ed-b7536ce5532c_03-18-week1-PASSING_AND_PASSING,349870512,spirals-bears,16,458890080,506462208
4f10a5c0-d543-4288-82ed-b7536ce5532c_03-18-week1-PASSING_AND_PASSING,349494257,spirals-bears,16,458890008,506462208
4f10a5c0-d543-4288-82ed-b7536ce5532c_03-18-week1-PASSING_AND_PASSING,348797233,spirals-bears,16,458889280,506462208
4f10a5c0-d543-4288-82ed-b7536ce5532c_03-18-week1-PASSING_AND_PASSING,347265620,spirals-bears,16,458883840,506462208
4f10a5c0-d543-4288-82ed-b7536ce5532c_03-18-week1-PASSING_AND_PASSING,348298562,spirals-bears,16,458888904,506462208
4f10a5c0-d543-4288-82ed-b7536ce5532c_03-18-week1-PASSING_AND_PASSING,348264402,spirals-bears,16,458889968,506462208
4f10a5c0-d543-4288-82ed-b7536ce5532c_03-18-week1-PASSING_AND_PASSING,348238838,spirals-bears,16,458890352,506462208
4f10a5c0-d543-4288-82ed-b7536ce5532c_03-18-week1-PASSING_AND_PASSING,350209056,spirals-bears,16,458889928,506462208
4f10a5c0-d543-4288-82ed-b7536ce5532c_03-18-week1-PASSING_AND_PASSING,350232825,spirals-bears,16,458888936,506462208
4f10a5c0-d543-4288-82ed-b7536ce5532c_03-18-week1-PASSING_AND_PASSING,348661766,spirals-bears,16,458889904,506462208
4f10a5c0-d543-4288-82ed-b7536ce5532c_03-18-week1-PASSING_AND_PASSING,349803720,spirals-bears,16,458889928,506462208
4f10a5c0-d543-4288-82ed-b7536ce5532c_03-18-week1-PASSING_AND_PASSING,347012352,spirals-bears,16,458884496,506462208
4f10a5c0-d543-4288-82ed-b7536ce5532c_03-18-week1-PASSING_AND_PASSING,323894622,spirals-bears,16,458896480,506462208
4f10a5c0-d543-4288-82ed-b7536ce5532c_03-18-week1-PASSING_AND_PASSING,348578390,spirals-bears,16,458884312,506462208
4f10a5c0-d543-4288-82ed-b7536ce5532c_03-18-week1-PASSING_AND_PASSING,348397484,spirals-bears,16,458883920,506462208
4f10a5c0-d543-4288-82ed-b7536ce5532c_03-18-week1-PASSING_AND_PASSING,346873623,spirals-bears,16,458884672,506462208
4f10a5c0-d543-4288-82ed-b7536ce5532c_03-18-week1-PASSING_AND_PASSING,350027543,spirals-bears,16,458883928,506462208
4f10a5c0-d543-4288-82ed-b7536ce5532c_03-18-week1-PASSING_AND_PASSING,350027234,spirals-bears,16,458889616,506462208
4f10a5c0-d543-4288-82ed-b7536ce5532c_03-18-week1-PASSING_AND_PASSING,350027376,spirals-bears,16,458889104,506462208
4f10a5c0-d543-4288-82ed-b7536ce5532c_03-18-week1-PASSING_AND_PASSING,350027214,spirals-bears,16,458890000,506462208
4f10a5c0-d543-4288-82ed-b7536ce5532c_03-18-week1-PASSING_AND_PASSING,350215031,spirals-bears,16,458883952,506462208
4f10a5c0-d543-4288-82ed-b7536ce5532c_03-18-week1-PASSING_AND_PASSING,350215035,spirals-bears,16,458896440,506462208
4f10a5c0-d543-4288-82ed-b7536ce5532c_03-18-week1-PASSING_AND_PASSING,349231963,spirals-bears,16,458884552,506462208
4f10a5c0-d543-4288-82ed-b7536ce5532c_03-18-week1-PASSING_AND_PASSING,346762237,spirals-bears,16,458884008,506462208
4f10a5c0-d543-4288-82ed-b7536ce5532c_03-18-week1-PASSING_AND_PASSING,346762260,spirals-bears,16,458883784,506462208
4f10a5c0-d543-4288-82ed-b7536ce5532c_03-18-week1-PASSING_AND_PASSING,350252377,spirals-bears,16,458888792,506462208
4f10a5c0-d543-4288-82ed-b7536ce5532c_03-18-week1-PASSING_AND_PASSING,350241149,spirals-bears,16,458890192,506462208
4f10a5c0-d543-4288-82ed-b7536ce5532c_03-18-week1-PASSING_AND_PASSING,350241123,spirals-bears,16,458890328,506462208
4f10a5c0-d543-4288-82ed-b7536ce5532c_03-18-week1-PASSING_AND_PASSING,349952744,spirals-bears,16,458889768,506462208
4f10a5c0-d543-4288-82ed-b7536ce5532c_03-18-week1-PASSING_AND_PASSING,350235805,spirals-bears,16,458884248,506462208
4f10a5c0-d543-4288-82ed-b7536ce5532c_03-18-week1-PASSING_AND_PASSING,350235817,spirals-bears,16,458889984,506462208
4f10a5c0-d543-4288-82ed-b7536ce5532c_03-18-week1-PASSING_AND_PASSING,350180979,spirals-bears,16,458884216,506462208
4f10a5c0-d543-4288-82ed-b7536ce5532c_03-18-week1-PASSING_AND_PASSING,350180959,spirals-bears,16,458889592,506462208
4f10a5c0-d543-4288-82ed-b7536ce5532c_03-18-week1-PASSING_AND_PASSING,347661000,spirals-bears,16,458889824,506462208
4f10a5c0-d543-4288-82ed-b7536ce5532c_03-18-week1-PASSING_AND_PASSING,347660985,spirals-bears,16,458889112,506462208
4f10a5c0-d543-4288-82ed-b7536ce5532c_03-18-week1-PASSING_AND_PASSING,349202237,spirals-bears,16,458889928,506462208
4f10a5c0-d543-4288-82ed-b7536ce5532c_03-18-week1-PASSING_AND_PASSING,349202241,spirals-bears,16,458884000,506462208
4f10a5c0-d543-4288-82ed-b7536ce5532c_03-18-week1-PASSING_AND_PASSING,350179526,spirals-bears,16,458889856,506462208
4f10a5c0-d543-4288-82ed-b7536ce5532c_03-18-week1-PASSING_AND_PASSING,350179520,spirals-bears,16,458884088,506462208
4f10a5c0-d543-4288-82ed-b7536ce5532c_03-18-week1-PASSING_AND_PASSING,349934937,spirals-bears,16,458889728,506462208
4f10a5c0-d543-4288-82ed-b7536ce5532c_03-18-week1-PASSING_AND_PASSING,349936634,spirals-bears,16,458889048,506462208
4f10a5c0-d543-4288-82ed-b7536ce5532c_03-18-week1-PASSING_AND_PASSING,349347719,spirals-bears,16,458889896,506462208
4f10a5c0-d543-4288-82ed-b7536ce5532c_03-18-week1-PASSING_AND_PASSING,349347079,spirals-bears,16,458890152,506462208
4f10a5c0-d543-4288-82ed-b7536ce5532c_03-18-week1-PASSING_AND_PASSING,349495927,spirals-bears,16,458883872,506462208
4f10a5c0-d543-4288-82ed-b7536ce5532c_03-18-week1-PASSING_AND_PASSING,349495859,spirals-bears,16,458889944,506462208
4f10a5c0-d543-4288-82ed-b7536ce5532c_03-18-week1-PASSING_AND_PASSING,349777578,spirals-bears,16,458884288,506462208
4f10a5c0-d543-4288-82ed-b7536ce5532c_03-18-week1-PASSING_AND_PASSING,349777561,spirals-bears,16,458889864,506462208
4f10a5c0-d543-4288-82ed-b7536ce5532c_03-18-week1-PASSING_AND_PASSING,349831624,spirals-bears,16,458890328,506462208
4f10a5c0-d543-4288-82ed-b7536ce5532c_03-18-week1-PASSING_AND_PASSING,349831630,spirals-bears,16,458884184,506462208
4f10a5c0-d543-4288-82ed-b7536ce5532c_03-18-week1-PASSING_AND_PASSING,349860645,spirals-bears,16,458889824,506462208
4f10a5c0-d543-4288-82ed-b7536ce5532c_03-18-week1-PASSING_AND_PASSING,349739091,spirals-bears,16,458890344,506462208
4f10a5c0-d543-4288-82ed-b7536ce5532c_03-18-week1-PASSING_AND_PASSING,349775404,spirals-bears,16,458890056,506462208
4f10a5c0-d543-4288-82ed-b7536ce5532c_03-18-week1-PASSING_AND_PASSING,349739198,spirals-bears,16,458884176,506462208
4f10a5c0-d543-4288-82ed-b7536ce5532c_03-18-week1-PASSING_AND_PASSING,349775422,spirals-bears,16,458889904,506462208
4f10a5c0-d543-4288-82ed-b7536ce5532c_03-18-week1-PASSING_AND_PASSING,349739765,spirals-bears,16,458883968,506462208
4f10a5c0-d543-4288-82ed-b7536ce5532c_03-18-week1-PASSING_AND_PASSING,349707521,spirals-bears,16,458896448,506462208
4f10a5c0-d543-4288-82ed-b7536ce5532c_03-18-week1-PASSING_AND_PASSING,349719583,spirals-bears,16,458889680,506462208
4f10a5c0-d543-4288-82ed-b7536ce5532c_03-18-week1-PASSING_AND_PASSING,349719556,spirals-bears,16,458888800,506462208
4f10a5c0-d543-4288-82ed-b7536ce5532c_03-18-week1-PASSING_AND_PASSING,349717563,spirals-bears,16,458890000,506462208
4f10a5c0-d543-4288-82ed-b7536ce5532c_03-18-week1-PASSING_AND_PASSING,349717651,spirals-bears,16,458884296,506462208
4f10a5c0-d543-4288-82ed-b7536ce5532c_03-18-week1-PASSING_AND_PASSING,348287405,spirals-bears,16,458890024,506462208
4f10a5c0-d543-4288-82ed-b7536ce5532c_03-18-week1-PASSING_AND_PASSING,348291441,spirals-bears,16,458883664,506462208
4f10a5c0-d543-4288-82ed-b7536ce5532c_03-18-week1-PASSING_AND_PASSING,349318615,spirals-bears,16,458883808,506462208
4f10a5c0-d543-4288-82ed-b7536ce5532c_03-18-week1-PASSING_AND_PASSING,347296208,spirals-bears,16,458884448,506462208
4f10a5c0-d543-4288-82ed-b7536ce5532c_03-18-week1-PASSING_AND_PASSING,349365365,spirals-bears,16,458884104,506462208
4f10a5c0-d543-4288-82ed-b7536ce5532c_03-18-week1-PASSING_AND_PASSING,349365537,spirals-bears,16,458896168,506462208
4f10a5c0-d543-4288-82ed-b7536ce5532c_03-18-week1-PASSING_AND_PASSING,349347040,spirals-bears,16,458884056,506462208
4f10a5c0-d543-4288-82ed-b7536ce5532c_03-18-week1-PASSING_AND_PASSING,349347648,spirals-bears,16,458889896,506462208
4f10a5c0-d543-4288-82ed-b7536ce5532c_03-18-week1-PASSING_AND_PASSING,349200621,spirals-bears,16,458884144,506462208
4f10a5c0-d543-4288-82ed-b7536ce5532c_03-18-week1-PASSING_AND_PASSING,349200564,spirals-bears,16,458884056,506462208
4f10a5c0-d543-4288-82ed-b7536ce5532c_03-18-week1-PASSING_AND_PASSING,345011896,spirals-bears,16,458884360,506462208
4f10a5c0-d543-4288-82ed-b7536ce5532c_03-18-week1-PASSING_AND_PASSING,348887858,spirals-bears,16,458883944,506462208
4f10a5c0-d543-4288-82ed-b7536ce5532c_03-18-week1-PASSING_AND_PASSING,348899110,spirals-bears,16,458888720,506462208
4f10a5c0-d543-4288-82ed-b7536ce5532c_03-18-week1-PASSING_AND_PASSING,348899108,spirals-bears,16,458884360,506462208
4f10a5c0-d543-4288-82ed-b7536ce5532c_03-18-week1-PASSING_AND_PASSING,348878014,spirals-bears,16,458884200,506462208
4f10a5c0-d543-4288-82ed-b7536ce5532c_03-18-week1-PASSING_AND_PASSING,348877993,spirals-bears,16,458883784,506462208
4f10a5c0-d543-4288-82ed-b7536ce5532c_03-18-week1-PASSING_AND_PASSING,348789204,spirals-bears,16,458884416,506462208
4f10a5c0-d543-4288-82ed-b7536ce5532c_03-18-week1-PASSING_AND_PASSING,348789353,spirals-bears,16,458890040,506462208
4f10a5c0-d543-4288-82ed-b7536ce5532c_03-18-week1-PASSING_AND_PASSING,347208407,spirals-bears,16,458880760,506462208
4f10a5c0-d543-4288-82ed-b7536ce5532c_03-18-week1-PASSING_AND_PASSING,347208431,spirals-bears,16,458889712,506462208
4f10a5c0-d543-4288-82ed-b7536ce5532c_03-18-week1-PASSING_AND_PASSING,350216233,spirals-bears,16,458889896,506462208
4f10a5c0-d543-4288-82ed-b7536ce5532c_03-18-week1-PASSING_AND_PASSING,350224799,spirals-bears,16,458896576,506462208
4f10a5c0-d543-4288-82ed-b7536ce5532c_03-18-week1-PASSING_AND_PASSING,350224746,spirals-bears,16,458888400,506462208
4f10a5c0-d543-4288-82ed-b7536ce5532c_03-18-week1-PASSING_AND_PASSING,350220539,spirals-bears,16,458888760,506462208
4f10a5c0-d543-4288-82ed-b7536ce5532c_03-18-week1-PASSING_AND_PASSING,350164818,spirals-bears,16,458884216,506462208
4f10a5c0-d543-4288-82ed-b7536ce5532c_03-18-week1-PASSING_AND_PASSING,350102372,spirals-bears,16,458884072,506462208
4f10a5c0-d543-4288-82ed-b7536ce5532c_03-18-week1-PASSING_AND_PASSING,350017121,spirals-bears,16,458884168,506462208
4f10a5c0-d543-4288-82ed-b7536ce5532c_03-18-week1-PASSING_AND_PASSING,350069157,spirals-bears,16,458884216,506462208
4f10a5c0-d543-4288-82ed-b7536ce5532c_03-18-week1-PASSING_AND_PASSING,350067020,spirals-bears,16,458889368,506462208
4f10a5c0-d543-4288-82ed-b7536ce5532c_03-18-week1-PASSING_AND_PASSING,349601155,spirals-bears,16,458889952,506462208
4f10a5c0-d543-4288-82ed-b7536ce5532c_03-18-week1-PASSING_AND_PASSING,349595326,spirals-bears,16,458884600,506462208
4f10a5c0-d543-4288-82ed-b7536ce5532c_03-18-week1-PASSING_AND_PASSING,349577492,spirals-bears,16,458883864,506462208
4f10a5c0-d543-4288-82ed-b7536ce5532c_03-18-week1-PASSING_AND_PASSING,349557451,spirals-bears,16,458890048,506462208
4f10a5c0-d543-4288-82ed-b7536ce5532c_03-18-week1-PASSING_AND_PASSING,349528644,spirals-bears,16,458890384,506462208
4f10a5c0-d543-4288-82ed-b7536ce5532c_03-18-week1-PASSING_AND_PASSING,349518914,spirals-bears,16,458889664,506462208
4f10a5c0-d543-4288-82ed-b7536ce5532c_03-18-week1-PASSING_AND_PASSING,349520230,spirals-bears,16,458888904,506462208
4f10a5c0-d543-4288-82ed-b7536ce5532c_03-18-week1-PASSING_AND_PASSING,349520200,spirals-bears,16,458884032,506462208
4f10a5c0-d543-4288-82ed-b7536ce5532c_03-18-week1-PASSING_AND_PASSING,349447521,spirals-bears,16,458884232,506462208
4f10a5c0-d543-4288-82ed-b7536ce5532c_03-18-week1-PASSING_AND_PASSING,349200710,spirals-bears,16,458884208,506462208
4f10a5c0-d543-4288-82ed-b7536ce5532c_03-18-week1-PASSING_AND_PASSING,349187690,spirals-bears,16,458889904,506462208
4f10a5c0-d543-4288-82ed-b7536ce5532c_03-18-week1-PASSING_AND_PASSING,349183362,spirals-bears,16,458884304,506462208
4f10a5c0-d543-4288-82ed-b7536ce5532c_03-18-week1-PASSING_AND_PASSING,348781594,spirals-bears,16,458888880,506462208
4f10a5c0-d543-4288-82ed-b7536ce5532c_03-18-week1-PASSING_AND_PASSING,348781335,spirals-bears,16,458884128,506462208
4f10a5c0-d543-4288-82ed-b7536ce5532c_03-18-week1-PASSING_AND_PASSING,349139540,spirals-bears,16,458883992,506462208
4f10a5c0-d543-4288-82ed-b7536ce5532c_03-18-week1-PASSING_AND_PASSING,349111241,spirals-bears,16,458889976,506462208
4f10a5c0-d543-4288-82ed-b7536ce5532c_03-18-week1-PASSING_AND_PASSING,348494455,spirals-bears,16,458884336,506462208
4f10a5c0-d543-4288-82ed-b7536ce5532c_03-18-week1-PASSING_AND_PASSING,348494408,spirals-bears,16,458889776,506462208
4f10a5c0-d543-4288-82ed-b7536ce5532c_03-18-week1-PASSING_AND_PASSING,348622048,spirals-bears,16,458883880,506462208
4f10a5c0-d543-4288-82ed-b7536ce5532c_03-18-week1-PASSING_AND_PASSING,348562381,spirals-bears,16,458884152,506462208
4f10a5c0-d543-4288-82ed-b7536ce5532c_03-18-week1-PASSING_AND_PASSING,348452026,spirals-bears,16,458890272,506462208
4f10a5c0-d543-4288-82ed-b7536ce5532c_03-18-week1-PASSING_AND_PASSING,348452070,spirals-bears,16,458883944,506462208
4f10a5c0-d543-4288-82ed-b7536ce5532c_03-18-week1-PASSING_AND_PASSING,348018783,spirals-bears,16,458889848,506462208
4f10a5c0-d543-4288-82ed-b7536ce5532c_03-18-week1-PASSING_AND_PASSING,348012791,spirals-bears,16,458889096,506462208
4f10a5c0-d543-4288-82ed-b7536ce5532c_03-18-week1-PASSING_AND_PASSING,347922211,spirals-bears,16,458890144,506462208
4f10a5c0-d543-4288-82ed-b7536ce5532c_03-18-week1-PASSING_AND_PASSING,347607572,spirals-bears,16,458883920,506462208
4f10a5c0-d543-4288-82ed-b7536ce5532c_03-18-week1-PASSING_AND_PASSING,347606890,spirals-bears,16,458890152,506462208
4f10a5c0-d543-4288-82ed-b7536ce5532c_03-18-week1-PASSING_AND_PASSING,347590508,spirals-bears,16,458883992,506462208
4f10a5c0-d543-4288-82ed-b7536ce5532c_03-18-week1-PASSING_AND_PASSING,347593134,spirals-bears,16,458890304,506462208
4f10a5c0-d543-4288-82ed-b7536ce5532c_03-18-week1-PASSING_AND_PASSING,347149932,spirals-bears,16,458883896,506462208
4f10a5c0-d543-4288-82ed-b7536ce5532c_03-18-week1-PASSING_AND_PASSING,347152106,spirals-bears,16,458890000,506462208
4f10a5c0-d543-4288-82ed-b7536ce5532c_03-18-week1-PASSING_AND_PASSING,347516421,spirals-bears,16,458889960,506462208
4f10a5c0-d543-4288-82ed-b7536ce5532c_03-18-week1-PASSING_AND_PASSING,347595487,spirals-bears,16,458890272,506462208
4f10a5c0-d543-4288-82ed-b7536ce5532c_03-18-week1-PASSING_AND_PASSING,347054911,spirals-bears,16,458884184,506462208
4f10a5c0-d543-4288-82ed-b7536ce5532c_03-18-week1-PASSING_AND_PASSING,344236042,spirals-bears,16,458890376,506462208
4f10a5c0-d543-4288-82ed-b7536ce5532c_03-18-week1-PASSING_AND_PASSING,347976763,spirals-bears,16,458884176,506462208
4f10a5c0-d543-4288-82ed-b7536ce5532c_03-18-week1-PASSING_AND_PASSING,347976686,spirals-bears,16,458883936,506462208
4f10a5c0-d543-4288-82ed-b7536ce5532c_03-18-week1-PASSING_AND_PASSING,343293996,spirals-bears,16,458884208,506462208
4f10a5c0-d543-4288-82ed-b7536ce5532c_03-18-week1-PASSING_AND_PASSING,302243103,spirals-bears,16,458884160,506462208
4f10a5c0-d543-4288-82ed-b7536ce5532c_03-18-week1-PASSING_AND_PASSING,347911509,spirals-bears,16,458883928,506462208
4f10a5c0-d543-4288-82ed-b7536ce5532c_03-18-week1-PASSING_AND_PASSING,347255208,spirals-bears,16,458890344,506462208
4f10a5c0-d543-4288-82ed-b7536ce5532c_03-18-week1-PASSING_AND_PASSING,347521792,spirals-bears,16,458883936,506462208
4f10a5c0-d543-4288-82ed-b7536ce5532c_03-18-week1-PASSING_AND_PASSING,347695128,spirals-bears,16,458883928,506462208
4f10a5c0-d543-4288-82ed-b7536ce5532c_03-18-week1-PASSING_AND_PASSING,347256885,spirals-bears,16,458884144,506462208
4f10a5c0-d543-4288-82ed-b7536ce5532c_03-18-week1-PASSING_AND_PASSING,349724427,spirals-bears,16,458889792,506462208
4f10a5c0-d543-4288-82ed-b7536ce5532c_03-18-week1-PASSING_AND_PASSING,350202189,spirals-bears,16,458889856,506462208
4f10a5c0-d543-4288-82ed-b7536ce5532c_03-18-week1-PASSING_AND_PASSING,350130855,spirals-bears,16,458889920,506462208
4f10a5c0-d543-4288-82ed-b7536ce5532c_03-18-week1-PASSING_AND_PASSING,349612219,spirals-bears,16,458889976,506462208
4f10a5c0-d543-4288-82ed-b7536ce5532c_03-18-week1-PASSING_AND_PASSING,350118421,spirals-bears,16,458884304,506462208
4f10a5c0-d543-4288-82ed-b7536ce5532c_03-18-week1-PASSING_AND_PASSING,349691277,spirals-bears,16,458884344,506462208
4f10a5c0-d543-4288-82ed-b7536ce5532c_03-18-week1-PASSING_AND_PASSING,349203033,spirals-bears,16,458884576,506462208
4f10a5c0-d543-4288-82ed-b7536ce5532c_03-18-week1-PASSING_AND_PASSING,347757412,spirals-bears,16,458883752,506462208
4f10a5c0-d543-4288-82ed-b7536ce5532c_03-18-week1-PASSING_AND_PASSING,347710779,spirals-bears,16,458890280,506462208
4f10a5c0-d543-4288-82ed-b7536ce5532c_03-18-week1-PASSING_AND_PASSING,347564662,spirals-bears,16,458896480,506462208
4f10a5c0-d543-4288-82ed-b7536ce5532c_03-18-week1-PASSING_AND_PASSING,347543104,spirals-bears,16,458889024,506462208
4f10a5c0-d543-4288-82ed-b7536ce5532c_03-18-week1-PASSING_AND_PASSING,347541883,spirals-bears,16,458884288,506462208
4f10a5c0-d543-4288-82ed-b7536ce5532c_03-18-week1-PASSING_AND_PASSING,347330372,spirals-bears,16,458889968,506462208
4f10a5c0-d543-4288-82ed-b7536ce5532c_03-18-week1-PASSING_AND_PASSING,350513926,spirals-bears,16,458884168,506462208
4f10a5c0-d543-4288-82ed-b7536ce5532c_03-18-week1-PASSING_AND_PASSING,350492913,spirals-bears,16,458884472,506462208
4f10a5c0-d543-4288-82ed-b7536ce5532c_03-18-week1-PASSING_AND_PASSING,349481629,spirals-bears,16,458890264,506462208
4f10a5c0-d543-4288-82ed-b7536ce5532c_03-18-week1-PASSING_AND_PASSING,349776917,spirals-bears,16,458889904,506462208
4f10a5c0-d543-4288-82ed-b7536ce5532c_03-18-week1-PASSING_AND_PASSING,348960394,spirals-bears,16,458889872,506462208
4f10a5c0-d543-4288-82ed-b7536ce5532c_03-18-week1-PASSING_AND_PASSING,350300598,spirals-bears,16,458892616,506462208
4f10a5c0-d543-4288-82ed-b7536ce5532c_03-18-week1-PASSING_AND_PASSING,348081456,spirals-bears,16,458889840,506462208
4f10a5c0-d543-4288-82ed-b7536ce5532c_03-18-week1-PASSING_AND_PASSING,348082228,spirals-bears,16,458890232,506462208
4f10a5c0-d543-4288-82ed-b7536ce5532c_03-18-week1-PASSING_AND_PASSING,349729877,spirals-bears,16,458896520,506462208
4f10a5c0-d543-4288-82ed-b7536ce5532c_03-18-week1-PASSING_AND_PASSING,349698169,spirals-bears,16,458890152,506462208
4f10a5c0-d543-4288-82ed-b7536ce5532c_03-18-week1-PASSING_AND_PASSING,349616532,spirals-bears,16,458884112,506462208
4f10a5c0-d543-4288-82ed-b7536ce5532c_03-18-week1-PASSING_AND_PASSING,349635773,spirals-bears,16,458884216,506462208
4f10a5c0-d543-4288-82ed-b7536ce5532c_03-18-week1-PASSING_AND_PASSING,349358525,spirals-bears,16,458886112,506462208
4f10a5c0-d543-4288-82ed-b7536ce5532c_03-18-week1-PASSING_AND_PASSING,350011857,spirals-bears,16,458889592,506462208
4f10a5c0-d543-4288-82ed-b7536ce5532c_03-18-week1-PASSING_AND_PASSING,349074296,spirals-bears,16,458883760,506462208
4f10a5c0-d543-4288-82ed-b7536ce5532c_03-18-week1-PASSING_AND_PASSING,348433310,spirals-bears,16,458896240,506462208
4f10a5c0-d543-4288-82ed-b7536ce5532c_03-18-week1-PASSING_AND_PASSING,347534890,spirals-bears,16,458889968,506462208
4f10a5c0-d543-4288-82ed-b7536ce5532c_03-18-week1-PASSING_AND_PASSING,349065607,spirals-bears,16,458884592,506462208
4f10a5c0-d543-4288-82ed-b7536ce5532c_03-18-week1-PASSING_AND_PASSING,348682439,spirals-bears,16,458884024,506462208
4f10a5c0-d543-4288-82ed-b7536ce5532c_03-18-week1-PASSING_AND_PASSING,348709712,spirals-bears,16,458889888,506462208
4f10a5c0-d543-4288-82ed-b7536ce5532c_03-18-week1-PASSING_AND_PASSING,348522810,spirals-bears,16,458889784,506462208
4f10a5c0-d543-4288-82ed-b7536ce5532c_03-18-week1-PASSING_AND_PASSING,348687032,spirals-bears,16,458889968,506462208
4f10a5c0-d543-4288-82ed-b7536ce5532c_03-18-week1-PASSING_AND_PASSING,347632769,spirals-bears,16,458889928,506462208
4f10a5c0-d543-4288-82ed-b7536ce5532c_03-18-week1-PASSING_AND_PASSING,348457343,spirals-bears,16,458889832,506462208
4f10a5c0-d543-4288-82ed-b7536ce5532c_03-18-week1-PASSING_AND_PASSING,348454099,spirals-bears,16,458896472,506462208
4f10a5c0-d543-4288-82ed-b7536ce5532c_03-18-week1-PASSING_AND_PASSING,348319064,spirals-bears,16,458890152,506462208
4f10a5c0-d543-4288-82ed-b7536ce5532c_03-18-week1-PASSING_AND_PASSING,348524616,spirals-bears,16,458889928,506462208
4f10a5c0-d543-4288-82ed-b7536ce5532c_03-18-week1-PASSING_AND_PASSING,345424056,spirals-bears,16,458889928,506462208
4f10a5c0-d543-4288-82ed-b7536ce5532c_03-18-week1-PASSING_AND_PASSING,348680869,spirals-bears,16,458889928,506462208
4f10a5c0-d543-4288-82ed-b7536ce5532c_03-18-week1-PASSING_AND_PASSING,348513574,spirals-bears,16,458890384,506462208
4f10a5c0-d543-4288-82ed-b7536ce5532c_03-18-week1-PASSING_AND_PASSING,345486427,spirals-bears,16,458890272,506462208
4f10a5c0-d543-4288-82ed-b7536ce5532c_03-18-week1-PASSING_AND_PASSING,348078574,spirals-bears,16,458890432,506462208
4f10a5c0-d543-4288-82ed-b7536ce5532c_03-18-week1-PASSING_AND_PASSING,343655302,spirals-bears,16,458889024,506462208
4f10a5c0-d543-4288-82ed-b7536ce5532c_03-18-week1-PASSING_AND_PASSING,344129510,spirals-bears,16,458889968,506462208
4f10a5c0-d543-4288-82ed-b7536ce5532c_03-18-week1-PASSING_AND_PASSING,346003152,spirals-bears,16,458890432,506462208
4f10a5c0-d543-4288-82ed-b7536ce5532c_03-18-week1-PASSING_AND_PASSING,347015687,spirals-bears,16,458890320,506462208
4f10a5c0-d543-4288-82ed-b7536ce5532c_03-18-week1-PASSING_AND_PASSING,347926184,spirals-bears,16,458889832,506462208
4f10a5c0-d543-4288-82ed-b7536ce5532c_03-18-week1-PASSING_AND_PASSING,348030227,spirals-bears,16,458890408,506462208
4f10a5c0-d543-4288-82ed-b7536ce5532c_03-18-week1-PASSING_AND_PASSING,348018329,spirals-bears,16,458890008,506462208
4f10a5c0-d543-4288-82ed-b7536ce5532c_03-18-week1-PASSING_AND_PASSING,348030481,spirals-bears,16,458889944,506462208
4f10a5c0-d543-4288-82ed-b7536ce5532c_03-18-week1-PASSING_AND_PASSING,348029497,spirals-bears,16,458889848,506462208
4f10a5c0-d543-4288-82ed-b7536ce5532c_03-18-week1-PASSING_AND_PASSING,347795169,spirals-bears,16,458889968,506462208
4f10a5c0-d543-4288-82ed-b7536ce5532c_03-18-week1-PASSING_AND_PASSING,347141303,spirals-bears,16,458890120,506462208
4f10a5c0-d543-4288-82ed-b7536ce5532c_03-18-week1-PASSING_AND_PASSING,345697801,spirals-bears,16,458890320,506462208
4f10a5c0-d543-4288-82ed-b7536ce5532c_03-18-week1-PASSING_AND_PASSING,347511300,spirals-bears,16,458890624,506462208
4f10a5c0-d543-4288-82ed-b7536ce5532c_03-18-week1-PASSING_AND_PASSING,347648681,spirals-bears,16,458884648,506462208
4f10a5c0-d543-4288-82ed-b7536ce5532c_03-18-week1-PASSING_AND_PASSING,347648267,spirals-bears,16,458883976,506462208
4f10a5c0-d543-4288-82ed-b7536ce5532c_03-18-week1-PASSING_AND_PASSING,347535528,spirals-bears,16,458889968,506462208
4f10a5c0-d543-4288-82ed-b7536ce5532c_03-18-week1-PASSING_AND_PASSING,347535547,spirals-bears,16,458889888,506462208
4f10a5c0-d543-4288-82ed-b7536ce5532c_03-18-week1-PASSING_AND_PASSING,348468220,spirals-bears,16,458889872,506462208
4f10a5c0-d543-4288-82ed-b7536ce5532c_03-18-week1-PASSING_AND_PASSING,348465298,spirals-bears,16,458890304,506462208
4f10a5c0-d543-4288-82ed-b7536ce5532c_03-18-week1-PASSING_AND_PASSING,348012646,spirals-bears,16,458889720,506462208
4f10a5c0-d543-4288-82ed-b7536ce5532c_03-18-week1-PASSING_AND_PASSING,346564849,spirals-bears,16,458884040,506462208
4f10a5c0-d543-4288-82ed-b7536ce5532c_03-18-week1-PASSING_AND_PASSING,348024849,spirals-bears,16,458889936,506462208
4f10a5c0-d543-4288-82ed-b7536ce5532c_03-18-week1-PASSING_AND_PASSING,346565475,spirals-bears,16,458889248,506462208
4f10a5c0-d543-4288-82ed-b7536ce5532c_03-18-week1-PASSING_AND_PASSING,347035046,spirals-bears,16,458896184,506462208
4f10a5c0-d543-4288-82ed-b7536ce5532c_03-18-week1-PASSING_AND_PASSING,348614491,spirals-bears,16,458890208,506462208
4f10a5c0-d543-4288-82ed-b7536ce5532c_03-18-week1-PASSING_AND_PASSING,348262993,spirals-bears,16,458884016,506462208
4f10a5c0-d543-4288-82ed-b7536ce5532c_03-18-week1-PASSING_AND_PASSING,347700905,spirals-bears,16,458890072,506462208
4f10a5c0-d543-4288-82ed-b7536ce5532c_03-18-week1-PASSING_AND_PASSING,347618534,spirals-bears,16,458884080,506462208
4f10a5c0-d543-4288-82ed-b7536ce5532c_03-18-week1-PASSING_AND_PASSING,349627263,spirals-bears,16,458884424,506462208
4f10a5c0-d543-4288-82ed-b7536ce5532c_03-18-week1-PASSING_AND_PASSING,348399575,spirals-bears,16,458889968,506462208
4f10a5c0-d543-4288-82ed-b7536ce5532c_03-18-week1-PASSING_AND_PASSING,348273659,spirals-bears,16,458889408,506462208
4f10a5c0-d543-4288-82ed-b7536ce5532c_03-18-week1-PASSING_AND_PASSING,347931166,spirals-bears,16,458889968,506462208
4f10a5c0-d543-4288-82ed-b7536ce5532c_03-18-week1-PASSING_AND_PASSING,347925737,spirals-bears,16,458889840,506462208
4f10a5c0-d543-4288-82ed-b7536ce5532c_03-18-week1-PASSING_AND_PASSING,347800148,spirals-bears,16,458884152,506462208
4f10a5c0-d543-4288-82ed-b7536ce5532c_03-18-week1-PASSING_AND_PASSING,347508891,spirals-bears,16,458889944,506462208
4f10a5c0-d543-4288-82ed-b7536ce5532c_03-18-week1-PASSING_AND_PASSING,347625465,spirals-bears,16,458896552,506462208
4f10a5c0-d543-4288-82ed-b7536ce5532c_03-18-week1-PASSING_AND_PASSING,347621214,spirals-bears,16,458890272,506462208
4f10a5c0-d543-4288-82ed-b7536ce5532c_03-18-week1-PASSING_AND_PASSING,347507434,spirals-bears,16,458884536,506462208
4f10a5c0-d543-4288-82ed-b7536ce5532c_03-18-week1-PASSING_AND_PASSING,350110017,spirals-bears,16,458888960,506462208
4f10a5c0-d543-4288-82ed-b7536ce5532c_03-18-week1-PASSING_AND_PASSING,350047236,spirals-bears,16,458890000,506462208
4f10a5c0-d543-4288-82ed-b7536ce5532c_03-18-week1-PASSING_AND_PASSING,350071029,spirals-bears,16,458890048,506462208
4f10a5c0-d543-4288-82ed-b7536ce5532c_03-18-week1-PASSING_AND_PASSING,349581029,spirals-bears,16,458890112,506462208
4f10a5c0-d543-4288-82ed-b7536ce5532c_03-18-week1-PASSING_AND_PASSING,349510987,spirals-bears,16,458884640,506462208
4f10a5c0-d543-4288-82ed-b7536ce5532c_03-18-week1-PASSING_AND_PASSING,349497055,spirals-bears,16,458889904,506462208
4f10a5c0-d543-4288-82ed-b7536ce5532c_03-18-week1-PASSING_AND_PASSING,348489452,spirals-bears,16,458883904,506462208
4f10a5c0-d543-4288-82ed-b7536ce5532c_03-18-week1-PASSING_AND_PASSING,348115921,spirals-bears,16,458884080,506462208
4f10a5c0-d543-4288-82ed-b7536ce5532c_03-18-week1-PASSING_AND_PASSING,347928026,spirals-bears,16,458890376,506462208
4f10a5c0-d543-4288-82ed-b7536ce5532c_03-18-week1-PASSING_AND_PASSING,348351129,spirals-bears,16,458883968,506462208
4f10a5c0-d543-4288-82ed-b7536ce5532c_03-18-week1-PASSING_AND_PASSING,348052833,spirals-bears,16,458883744,506462208
4f10a5c0-d543-4288-82ed-b7536ce5532c_03-18-week1-PASSING_AND_PASSING,347397526,spirals-bears,16,458890304,506462208
4f10a5c0-d543-4288-82ed-b7536ce5532c_03-18-week1-PASSING_AND_PASSING,348052468,spirals-bears,16,458884136,506462208
4f10a5c0-d543-4288-82ed-b7536ce5532c_03-18-week1-PASSING_AND_PASSING,348015849,spirals-bears,16,458884480,506462208
4f10a5c0-d543-4288-82ed-b7536ce5532c_03-18-week1-PASSING_AND_PASSING,347616174,spirals-bears,16,458890176,506462208
4f10a5c0-d543-4288-82ed-b7536ce5532c_03-18-week1-PASSING_AND_PASSING,347554992,spirals-bears,16,458889944,506462208
4f10a5c0-d543-4288-82ed-b7536ce5532c_03-18-week1-PASSING_AND_PASSING,347484480,spirals-bears,16,458890032,506462208
4f10a5c0-d543-4288-82ed-b7536ce5532c_03-18-week1-PASSING_AND_PASSING,346626066,spirals-bears,16,458883800,506462208
4f10a5c0-d543-4288-82ed-b7536ce5532c_03-18-week1-PASSING_AND_PASSING,347554253,spirals-bears,16,458884120,506462208
4f10a5c0-d543-4288-82ed-b7536ce5532c_03-18-week1-PASSING_AND_PASSING,347547590,spirals-bears,16,458890272,506462208
4f10a5c0-d543-4288-82ed-b7536ce5532c_03-18-week1-PASSING_AND_PASSING,347533357,spirals-bears,16,458884280,506462208
4f10a5c0-d543-4288-82ed-b7536ce5532c_03-18-week1-PASSING_AND_PASSING,349557995,spirals-bears,16,458889000,506462208
4f10a5c0-d543-4288-82ed-b7536ce5532c_03-18-week1-PASSING_AND_PASSING,348846726,spirals-bears,16,458896520,506462208
4f10a5c0-d543-4288-82ed-b7536ce5532c_03-18-week1-PASSING_AND_PASSING,348526636,spirals-bears,16,458884256,506462208
4f10a5c0-d543-4288-82ed-b7536ce5532c_03-18-week1-PASSING_AND_PASSING,348476683,spirals-bears,16,458884576,506462208
4f10a5c0-d543-4288-82ed-b7536ce5532c_03-18-week1-PASSING_AND_PASSING,347932413,spirals-bears,16,458889768,506462208
4f10a5c0-d543-4288-82ed-b7536ce5532c_03-18-week1-PASSING_AND_PASSING,348374025,spirals-bears,16,458889864,506462208
4f10a5c0-d543-4288-82ed-b7536ce5532c_03-18-week1-PASSING_AND_PASSING,348373967,spirals-bears,16,458883792,506462208
4f10a5c0-d543-4288-82ed-b7536ce5532c_03-18-week1-PASSING_AND_PASSING,348372500,spirals-bears,16,458889880,506462208
4f10a5c0-d543-4288-82ed-b7536ce5532c_03-18-week1-PASSING_AND_PASSING,342887785,spirals-bears,16,458890192,506462208
4f10a5c0-d543-4288-82ed-b7536ce5532c_03-18-week1-PASSING_AND_PASSING,342887766,spirals-bears,16,458884128,506462208
4f10a5c0-d543-4288-82ed-b7536ce5532c_03-18-week1-PASSING_AND_PASSING,346050633,spirals-bears,16,458889936,506462208
4f10a5c0-d543-4288-82ed-b7536ce5532c_03-18-week1-PASSING_AND_PASSING,346050729,spirals-bears,16,458890096,506462208
4f10a5c0-d543-4288-82ed-b7536ce5532c_03-18-week1-PASSING_AND_PASSING,349368503,spirals-bears,16,458884088,506462208
4f10a5c0-d543-4288-82ed-b7536ce5532c_03-18-week1-PASSING_AND_PASSING,349924435,spirals-bears,16,458889864,506462208
4f10a5c0-d543-4288-82ed-b7536ce5532c_03-18-week1-PASSING_AND_PASSING,347882813,spirals-bears,16,458883944,506462208
4f10a5c0-d543-4288-82ed-b7536ce5532c_03-18-week1-PASSING_AND_PASSING,347377228,spirals-bears,16,458883808,506462208
4f10a5c0-d543-4288-82ed-b7536ce5532c_03-18-week1-PASSING_AND_PASSING,346927038,spirals-bears,16,458890000,506462208
4f10a5c0-d543-4288-82ed-b7536ce5532c_03-18-week1-PASSING_AND_PASSING,349729976,spirals-bears,16,458889936,506462208
4f10a5c0-d543-4288-82ed-b7536ce5532c_03-18-week1-PASSING_AND_PASSING,349724940,spirals-bears,16,458890672,506462208
4f10a5c0-d543-4288-82ed-b7536ce5532c_03-18-week1-PASSING_AND_PASSING,349724901,spirals-bears,16,458889624,506462208
4f10a5c0-d543-4288-82ed-b7536ce5532c_03-18-week1-PASSING_AND_PASSING,347797687,spirals-bears,16,458890088,506462208
4f10a5c0-d543-4288-82ed-b7536ce5532c_03-18-week1-PASSING_AND_PASSING,349834838,spirals-bears,16,458889992,506462208
4f10a5c0-d543-4288-82ed-b7536ce5532c_03-18-week1-PASSING_AND_PASSING,349893316,spirals-bears,16,458883920,506462208
4f10a5c0-d543-4288-82ed-b7536ce5532c_03-18-week1-PASSING_AND_PASSING,349804491,spirals-bears,16,458889960,506462208
4f10a5c0-d543-4288-82ed-b7536ce5532c_03-18-week1-PASSING_AND_PASSING,349428009,spirals-bears,16,458888928,506462208
4f10a5c0-d543-4288-82ed-b7536ce5532c_03-18-week1-PASSING_AND_PASSING,350221302,spirals-bears,16,458890096,506462208
4f10a5c0-d543-4288-82ed-b7536ce5532c_03-18-week1-PASSING_AND_PASSING,350221479,spirals-bears,16,458890344,506462208
4f10a5c0-d543-4288-82ed-b7536ce5532c_03-18-week1-PASSING_AND_PASSING,349195331,spirals-bears,16,458889944,506462208
4f10a5c0-d543-4288-82ed-b7536ce5532c_03-18-week1-PASSING_AND_PASSING,349026144,spirals-bears,16,458889728,506462208
4f10a5c0-d543-4288-82ed-b7536ce5532c_03-18-week1-PASSING_AND_PASSING,348603468,spirals-bears,16,458890088,506462208
4f10a5c0-d543-4288-82ed-b7536ce5532c_03-18-week1-PASSING_AND_PASSING,349018453,spirals-bears,16,458883960,506462208
4f10a5c0-d543-4288-82ed-b7536ce5532c_03-18-week1-PASSING_AND_PASSING,349018442,spirals-bears,16,458890152,506462208
4f10a5c0-d543-4288-82ed-b7536ce5532c_03-18-week1-PASSING_AND_PASSING,345777873,spirals-bears,16,458884200,506462208
4f10a5c0-d543-4288-82ed-b7536ce5532c_03-18-week1-PASSING_AND_PASSING,345777884,spirals-bears,16,458884232,506462208
4f10a5c0-d543-4288-82ed-b7536ce5532c_03-18-week1-PASSING_AND_PASSING,349004408,spirals-bears,16,458896312,506462208
4f10a5c0-d543-4288-82ed-b7536ce5532c_03-18-week1-PASSING_AND_PASSING,347391863,spirals-bears,16,458890120,506462208
4f10a5c0-d543-4288-82ed-b7536ce5532c_03-18-week1-PASSING_AND_PASSING,347391803,spirals-bears,16,458883824,506462208
4f10a5c0-d543-4288-82ed-b7536ce5532c_03-18-week1-PASSING_AND_PASSING,348308856,spirals-bears,16,458888544,506462208
4f10a5c0-d543-4288-82ed-b7536ce5532c_03-18-week1-PASSING_AND_PASSING,347390838,spirals-bears,16,458884488,506462208
4f10a5c0-d543-4288-82ed-b7536ce5532c_03-18-week1-PASSING_AND_PASSING,347390640,spirals-bears,16,458890368,506462208
4f10a5c0-d543-4288-82ed-b7536ce5532c_03-18-week1-PASSING_AND_PASSING,348278745,spirals-bears,16,458896472,506462208
4f10a5c0-d543-4288-82ed-b7536ce5532c_03-18-week1-PASSING_AND_PASSING,347485065,spirals-bears,16,458890368,506462208
4f10a5c0-d543-4288-82ed-b7536ce5532c_03-18-week1-PASSING_AND_PASSING,346103246,spirals-bears,16,458884120,506462208
4f10a5c0-d543-4288-82ed-b7536ce5532c_03-18-week1-PASSING_AND_PASSING,346106531,spirals-bears,16,458890384,506462208
4f10a5c0-d543-4288-82ed-b7536ce5532c_03-18-week1-PASSING_AND_PASSING,350438116,spirals-bears,16,458884280,506462208
4f10a5c0-d543-4288-82ed-b7536ce5532c_03-18-week1-PASSING_AND_PASSING,349407853,spirals-bears,16,458884216,506462208
4f10a5c0-d543-4288-82ed-b7536ce5532c_03-18-week1-PASSING_AND_PASSING,348938809,spirals-bears,16,458884072,506462208
4f10a5c0-d543-4288-82ed-b7536ce5532c_03-18-week1-PASSING_AND_PASSING,348723407,spirals-bears,16,458884512,506462208
4f10a5c0-d543-4288-82ed-b7536ce5532c_03-18-week1-PASSING_AND_PASSING,348572892,spirals-bears,16,458884336,506462208
4f10a5c0-d543-4288-82ed-b7536ce5532c_03-18-week1-PASSING_AND_PASSING,348309400,spirals-bears,16,458884640,506462208
4f10a5c0-d543-4288-82ed-b7536ce5532c_03-18-week1-PASSING_AND_PASSING,347782302,spirals-bears,16,458890480,506462208
4f10a5c0-d543-4288-82ed-b7536ce5532c_03-18-week1-PASSING_AND_PASSING,349114534,spirals-bears,16,458883992,506462208
4f10a5c0-d543-4288-82ed-b7536ce5532c_03-18-week1-PASSING_AND_PASSING,347256120,spirals-bears,16,458884056,506462208
4f10a5c0-d543-4288-82ed-b7536ce5532c_03-18-week1-PASSING_AND_PASSING,350352717,spirals-bears,16,458890176,506462208
4f10a5c0-d543-4288-82ed-b7536ce5532c_03-18-week1-PASSING_AND_PASSING,350025018,spirals-bears,16,458884216,506462208
4f10a5c0-d543-4288-82ed-b7536ce5532c_03-18-week1-PASSING_AND_PASSING,350006611,spirals-bears,16,458884192,506462208
4f10a5c0-d543-4288-82ed-b7536ce5532c_03-18-week1-PASSING_AND_PASSING,350006579,spirals-bears,16,458890024,506462208
4f10a5c0-d543-4288-82ed-b7536ce5532c_03-18-week1-PASSING_AND_PASSING,349485944,spirals-bears,16,458884288,506462208
4f10a5c0-d543-4288-82ed-b7536ce5532c_03-18-week1-PASSING_AND_PASSING,349485874,spirals-bears,16,458890360,506462208
4f10a5c0-d543-4288-82ed-b7536ce5532c_03-18-week1-PASSING_AND_PASSING,348441766,spirals-bears,16,458890376,506462208
4f10a5c0-d543-4288-82ed-b7536ce5532c_03-18-week1-PASSING_AND_PASSING,350384674,spirals-bears,16,458884344,506462208
4f10a5c0-d543-4288-82ed-b7536ce5532c_03-18-week1-PASSING_AND_PASSING,350312750,spirals-bears,16,458888680,506462208
4f10a5c0-d543-4288-82ed-b7536ce5532c_03-18-week1-PASSING_AND_PASSING,349710315,spirals-bears,16,458883936,506462208
4f10a5c0-d543-4288-82ed-b7536ce5532c_03-18-week1-PASSING_AND_PASSING,349298295,spirals-bears,16,458889808,506462208
4f10a5c0-d543-4288-82ed-b7536ce5532c_03-18-week1-PASSING_AND_PASSING,347797162,spirals-bears,16,458889936,506462208
4f10a5c0-d543-4288-82ed-b7536ce5532c_03-18-week1-PASSING_AND_PASSING,347828689,spirals-bears,16,458884096,506462208
4f10a5c0-d543-4288-82ed-b7536ce5532c_03-18-week1-PASSING_AND_PASSING,346829729,spirals-bears,16,458890152,506462208
4f10a5c0-d543-4288-82ed-b7536ce5532c_03-18-week1-PASSING_AND_PASSING,348994185,spirals-bears,16,458890016,506462208
4f10a5c0-d543-4288-82ed-b7536ce5532c_03-18-week1-PASSING_AND_PASSING,348186320,spirals-bears,16,458890032,506462208
4f10a5c0-d543-4288-82ed-b7536ce5532c_03-18-week1-PASSING_AND_PASSING,350387716,spirals-bears,16,458889952,506462208
4f10a5c0-d543-4288-82ed-b7536ce5532c_03-18-week1-PASSING_AND_PASSING,349324610,spirals-bears,16,458889968,506462208
4f10a5c0-d543-4288-82ed-b7536ce5532c_03-18-week1-PASSING_AND_PASSING,350370819,spirals-bears,16,458884192,506462208
4f10a5c0-d543-4288-82ed-b7536ce5532c_03-18-week1-PASSING_AND_PASSING,341784149,spirals-bears,16,458890000,506462208
4f10a5c0-d543-4288-82ed-b7536ce5532c_03-18-week1-PASSING_AND_PASSING,347681316,spirals-bears,16,458889912,506462208
4f10a5c0-d543-4288-82ed-b7536ce5532c_03-18-week1-PASSING_AND_PASSING,349184379,spirals-bears,16,458890000,506462208
4f10a5c0-d543-4288-82ed-b7536ce5532c_03-18-week1-PASSING_AND_PASSING,349301197,spirals-bears,16,458884032,506462208
4f10a5c0-d543-4288-82ed-b7536ce5532c_03-18-week1-PASSING_AND_PASSING,349309409,spirals-bears,16,458888528,506462208
4f10a5c0-d543-4288-82ed-b7536ce5532c_03-18-week1-PASSING_AND_PASSING,349170326,spirals-bears,16,458890328,506462208
4f10a5c0-d543-4288-82ed-b7536ce5532c_03-18-week1-PASSING_AND_PASSING,348185890,spirals-bears,16,458888856,506462208
4f10a5c0-d543-4288-82ed-b7536ce5532c_03-18-week1-PASSING_AND_PASSING,336060159,spirals-bears,16,458896464,506462208
4f10a5c0-d543-4288-82ed-b7536ce5532c_03-18-week1-PASSING_AND_PASSING,348405778,spirals-bears,16,458889632,506462208
4f10a5c0-d543-4288-82ed-b7536ce5532c_03-18-week1-PASSING_AND_PASSING,348508622,spirals-bears,16,458890408,506462208
4f10a5c0-d543-4288-82ed-b7536ce5532c_03-18-week1-PASSING_AND_PASSING,348400192,spirals-bears,16,458890368,506462208
4f10a5c0-d543-4288-82ed-b7536ce5532c_03-18-week1-PASSING_AND_PASSING,348343086,spirals-bears,16,458884096,506462208
4f10a5c0-d543-4288-82ed-b7536ce5532c_03-18-week1-PASSING_AND_PASSING,350277618,spirals-bears,16,458884256,506462208
4f10a5c0-d543-4288-82ed-b7536ce5532c_03-18-week1-PASSING_AND_PASSING,350273530,spirals-bears,16,458890648,506462208
4f10a5c0-d543-4288-82ed-b7536ce5532c_03-18-week1-PASSING_AND_PASSING,350031477,spirals-bears,16,458889936,506462208
4f10a5c0-d543-4288-82ed-b7536ce5532c_03-18-week1-PASSING_AND_PASSING,349312553,spirals-bears,16,458889576,506462208
4f10a5c0-d543-4288-82ed-b7536ce5532c_03-18-week1-PASSING_AND_PASSING,349269654,spirals-bears,16,458890064,506462208
4f10a5c0-d543-4288-82ed-b7536ce5532c_03-18-week1-PASSING_AND_PASSING,348385213,spirals-bears,16,458890328,506462208
4f10a5c0-d543-4288-82ed-b7536ce5532c_03-18-week1-PASSING_AND_PASSING,347265902,spirals-bears,16,458889832,506462208
4f10a5c0-d543-4288-82ed-b7536ce5532c_03-18-week1-PASSING_AND_PASSING,350357168,spirals-bears,16,458883848,506462208
4f10a5c0-d543-4288-82ed-b7536ce5532c_03-18-week1-PASSING_AND_PASSING,350357141,spirals-bears,16,458883840,506462208
4f10a5c0-d543-4288-82ed-b7536ce5532c_03-18-week1-PASSING_AND_PASSING,349858042,spirals-bears,16,458890040,506462208
4f10a5c0-d543-4288-82ed-b7536ce5532c_03-18-week1-PASSING_AND_PASSING,349858048,spirals-bears,16,458889744,506462208
4f10a5c0-d543-4288-82ed-b7536ce5532c_03-18-week1-PASSING_AND_PASSING,349753328,spirals-bears,16,458889728,506462208
4f10a5c0-d543-4288-82ed-b7536ce5532c_03-18-week1-PASSING_AND_PASSING,349753375,spirals-bears,16,458896496,506462208
4f10a5c0-d543-4288-82ed-b7536ce5532c_03-18-week1-PASSING_AND_PASSING,349358797,spirals-bears,16,458884344,506462208
4f10a5c0-d543-4288-82ed-b7536ce5532c_03-18-week1-PASSING_AND_PASSING,349358814,spirals-bears,16,458884048,506462208
4f10a5c0-d543-4288-82ed-b7536ce5532c_03-18-week1-PASSING_AND_PASSING,349345959,spirals-bears,16,458888736,506462208
4f10a5c0-d543-4288-82ed-b7536ce5532c_03-18-week1-PASSING_AND_PASSING,349346111,spirals-bears,16,458884672,506462208
4f10a5c0-d543-4288-82ed-b7536ce5532c_03-18-week1-PASSING_AND_PASSING,349327851,spirals-bears,16,458884088,506462208
4f10a5c0-d543-4288-82ed-b7536ce5532c_03-18-week1-PASSING_AND_PASSING,348221634,spirals-bears,16,458884024,506462208
4f10a5c0-d543-4288-82ed-b7536ce5532c_03-18-week1-PASSING_AND_PASSING,349236126,spirals-bears,16,458884552,506462208
4f10a5c0-d543-4288-82ed-b7536ce5532c_03-18-week1-PASSING_AND_PASSING,349236165,spirals-bears,16,458890096,506462208
4f10a5c0-d543-4288-82ed-b7536ce5532c_03-18-week1-PASSING_AND_PASSING,347736045,spirals-bears,16,458889240,506462208
4f10a5c0-d543-4288-82ed-b7536ce5532c_03-18-week1-PASSING_AND_PASSING,340870127,spirals-bears,16,458890072,506462208
4f10a5c0-d543-4288-82ed-b7536ce5532c_03-18-week1-PASSING_AND_PASSING,347677116,spirals-bears,16,458884568,506462208
4f10a5c0-d543-4288-82ed-b7536ce5532c_03-18-week1-PASSING_AND_PASSING,347276017,spirals-bears,16,458884224,506462208
4f10a5c0-d543-4288-82ed-b7536ce5532c_03-18-week1-PASSING_AND_PASSING,349707930,spirals-bears,16,458884072,506462208
4f10a5c0-d543-4288-82ed-b7536ce5532c_03-18-week1-PASSING_AND_PASSING,347958521,spirals-bears,16,458884584,506462208
4f10a5c0-d543-4288-82ed-b7536ce5532c_03-18-week1-PASSING_AND_PASSING,345289594,spirals-bears,16,458888688,506462208
4f10a5c0-d543-4288-82ed-b7536ce5532c_03-18-week1-PASSING_AND_PASSING,344712905,spirals-bears,16,458884072,506462208
4f10a5c0-d543-4288-82ed-b7536ce5532c_03-18-week1-PASSING_AND_PASSING,343979840,spirals-bears,16,458889976,506462208
4f10a5c0-d543-4288-82ed-b7536ce5532c_03-18-week1-PASSING_AND_PASSING,342333403,spirals-bears,16,458890288,506462208
4f10a5c0-d543-4288-82ed-b7536ce5532c_03-18-week1-PASSING_AND_PASSING,348893502,spirals-bears,16,458884112,506462208
4f10a5c0-d543-4288-82ed-b7536ce5532c_03-18-week1-PASSING_AND_PASSING,347719093,spirals-bears,16,458889640,506462208
4f10a5c0-d543-4288-82ed-b7536ce5532c_03-18-week1-PASSING_AND_PASSING,344745699,spirals-bears,16,458890264,506462208
4f10a5c0-d543-4288-82ed-b7536ce5532c_03-18-week1-PASSING_AND_PASSING,349358435,spirals-bears,16,458883960,506462208
4f10a5c0-d543-4288-82ed-b7536ce5532c_03-18-week1-PASSING_AND_PASSING,350392650,spirals-bears,16,458889088,506462208
4f10a5c0-d543-4288-82ed-b7536ce5532c_03-18-week1-PASSING_AND_PASSING,350036229,spirals-bears,16,458889936,506462208
4f10a5c0-d543-4288-82ed-b7536ce5532c_03-18-week1-PASSING_AND_PASSING,349443274,spirals-bears,16,458890000,506462208
4f10a5c0-d543-4288-82ed-b7536ce5532c_03-18-week1-PASSING_AND_PASSING,348454058,spirals-bears,16,458890120,506462208
4f10a5c0-d543-4288-82ed-b7536ce5532c_03-18-week1-PASSING_AND_PASSING,348264290,spirals-bears,16,458884400,506462208
4f10a5c0-d543-4288-82ed-b7536ce5532c_03-18-week1-PASSING_AND_PASSING,348392850,spirals-bears,16,458889536,506462208
4f10a5c0-d543-4288-82ed-b7536ce5532c_03-18-week1-PASSING_AND_PASSING,344112500,spirals-bears,16,458889928,506462208
4f10a5c0-d543-4288-82ed-b7536ce5532c_03-18-week1-PASSING_AND_PASSING,345125187,spirals-bears,16,458890000,506462208
4f10a5c0-d543-4288-82ed-b7536ce5532c_03-18-week1-PASSING_AND_PASSING,349530205,spirals-bears,16,458884128,506462208
4f10a5c0-d543-4288-82ed-b7536ce5532c_03-18-week1-PASSING_AND_PASSING,348003856,spirals-bears,16,458890432,506462208
4f10a5c0-d543-4288-82ed-b7536ce5532c_03-18-week1-PASSING_AND_PASSING,348371792,spirals-bears,16,458890152,506462208
4f10a5c0-d543-4288-82ed-b7536ce5532c_03-18-week1-PASSING_AND_PASSING,348178009,spirals-bears,16,458884096,506462208
4f10a5c0-d543-4288-82ed-b7536ce5532c_03-18-week1-PASSING_AND_PASSING,347036558,spirals-bears,16,458889976,506462208
4f10a5c0-d543-4288-82ed-b7536ce5532c_03-18-week1-PASSING_AND_PASSING,347271436,spirals-bears,16,458896080,506462208
4f10a5c0-d543-4288-82ed-b7536ce5532c_03-18-week1-PASSING_AND_PASSING,347666483,spirals-bears,16,458890336,506462208
4f10a5c0-d543-4288-82ed-b7536ce5532c_03-18-week1-PASSING_AND_PASSING,350419195,spirals-bears,16,458883656,506462208
4f10a5c0-d543-4288-82ed-b7536ce5532c_03-18-week1-PASSING_AND_PASSING,350415115,spirals-bears,16,458889816,506462208
4f10a5c0-d543-4288-82ed-b7536ce5532c_03-18-week1-PASSING_AND_PASSING,349928281,spirals-bears,16,458890080,506462208
4f10a5c0-d543-4288-82ed-b7536ce5532c_03-18-week1-PASSING_AND_PASSING,347304431,spirals-bears,16,458890424,506462208
4f10a5c0-d543-4288-82ed-b7536ce5532c_03-18-week1-PASSING_AND_PASSING,350235387,spirals-bears,16,458889808,506462208
4f10a5c0-d543-4288-82ed-b7536ce5532c_03-18-week1-PASSING_AND_PASSING,349698690,spirals-bears,16,458883936,506462208
4f10a5c0-d543-4288-82ed-b7536ce5532c_03-18-week1-PASSING_AND_PASSING,349930257,spirals-bears,16,458884280,506462208
4f10a5c0-d543-4288-82ed-b7536ce5532c_03-18-week1-PASSING_AND_PASSING,349486802,spirals-bears,16,458890304,506462208
4f10a5c0-d543-4288-82ed-b7536ce5532c_03-18-week1-PASSING_AND_PASSING,349231658,spirals-bears,16,458889784,506462208
4f10a5c0-d543-4288-82ed-b7536ce5532c_03-18-week1-PASSING_AND_PASSING,349230176,spirals-bears,16,458884016,506462208
4f10a5c0-d543-4288-82ed-b7536ce5532c_03-18-week1-PASSING_AND_PASSING,347209440,spirals-bears,16,458890272,506462208
4f10a5c0-d543-4288-82ed-b7536ce5532c_03-18-week1-PASSING_AND_PASSING,348333825,spirals-bears,16,458889968,506462208
4f10a5c0-d543-4288-82ed-b7536ce5532c_03-18-week1-PASSING_AND_PASSING,348333827,spirals-bears,16,458883800,506462208
4f10a5c0-d543-4288-82ed-b7536ce5532c_03-18-week1-PASSING_AND_PASSING,348986307,spirals-bears,16,458896392,506462208
4f10a5c0-d543-4288-82ed-b7536ce5532c_03-18-week1-PASSING_AND_PASSING,339029025,spirals-bears,16,458884216,506462208
4f10a5c0-d543-4288-82ed-b7536ce5532c_03-18-week1-PASSING_AND_PASSING,338936272,spirals-bears,16,458890320,506462208
4f10a5c0-d543-4288-82ed-b7536ce5532c_03-18-week1-PASSING_AND_PASSING,349767931,spirals-bears,16,458889952,506462208
4f10a5c0-d543-4288-82ed-b7536ce5532c_03-18-week1-PASSING_AND_PASSING,346835429,spirals-bears,16,458889896,506462208
4f10a5c0-d543-4288-82ed-b7536ce5532c_03-18-week1-PASSING_AND_PASSING,349390041,spirals-bears,16,458884136,506462208
4f10a5c0-d543-4288-82ed-b7536ce5532c_03-18-week1-PASSING_AND_PASSING,347372920,spirals-bears,16,458890008,506462208
4f10a5c0-d543-4288-82ed-b7536ce5532c_03-18-week1-PASSING_AND_PASSING,349884322,spirals-bears,16,458884280,506462208
4f10a5c0-d543-4288-82ed-b7536ce5532c_03-18-week1-PASSING_AND_PASSING,349854387,spirals-bears,16,458884192,506462208
4f10a5c0-d543-4288-82ed-b7536ce5532c_03-18-week1-PASSING_AND_PASSING,348131416,spirals-bears,16,458883792,506462208
4f10a5c0-d543-4288-82ed-b7536ce5532c_03-18-week1-PASSING_AND_PASSING,348087782,spirals-bears,16,458890352,506462208
4f10a5c0-d543-4288-82ed-b7536ce5532c_03-18-week1-PASSING_AND_PASSING,346833209,spirals-bears,16,458890056,506462208
4f10a5c0-d543-4288-82ed-b7536ce5532c_03-18-week1-PASSING_AND_PASSING,345168936,spirals-bears,16,458889680,506462208
4f10a5c0-d543-4288-82ed-b7536ce5532c_03-18-week1-PASSING_AND_PASSING,345168943,spirals-bears,16,458889952,506462208
4f10a5c0-d543-4288-82ed-b7536ce5532c_03-18-week1-PASSING_AND_PASSING,350136001,spirals-bears,16,458889968,506462208
4f10a5c0-d543-4288-82ed-b7536ce5532c_03-18-week1-PASSING_AND_PASSING,350133622,spirals-bears,16,458884008,506462208
4f10a5c0-d543-4288-82ed-b7536ce5532c_03-18-week1-PASSING_AND_PASSING,349779562,spirals-bears,16,458890136,506462208
4f10a5c0-d543-4288-82ed-b7536ce5532c_03-18-week1-PASSING_AND_PASSING,349729946,spirals-bears,16,458884184,506462208
4f10a5c0-d543-4288-82ed-b7536ce5532c_03-18-week1-PASSING_AND_PASSING,349447030,spirals-bears,16,458884248,506462208
4f10a5c0-d543-4288-82ed-b7536ce5532c_03-18-week1-PASSING_AND_PASSING,349410197,spirals-bears,16,458889984,506462208
4f10a5c0-d543-4288-82ed-b7536ce5532c_03-18-week1-PASSING_AND_PASSING,348111385,spirals-bears,16,458883904,506462208
4f10a5c0-d543-4288-82ed-b7536ce5532c_03-18-week1-PASSING_AND_PASSING,347883969,spirals-bears,16,458884184,506462208
4f10a5c0-d543-4288-82ed-b7536ce5532c_03-18-week1-PASSING_AND_PASSING,347601573,spirals-bears,16,458883784,506462208
4f10a5c0-d543-4288-82ed-b7536ce5532c_03-18-week1-PASSING_AND_PASSING,347595194,spirals-bears,16,458890144,506462208
4f10a5c0-d543-4288-82ed-b7536ce5532c_03-18-week1-PASSING_AND_PASSING,347595169,spirals-bears,16,458889472,506462208
4f10a5c0-d543-4288-82ed-b7536ce5532c_03-18-week1-PASSING_AND_PASSING,347594972,spirals-bears,16,458890120,506462208
4f10a5c0-d543-4288-82ed-b7536ce5532c_03-18-week1-PASSING_AND_PASSING,348846280,spirals-bears,16,458884184,506462208
4f10a5c0-d543-4288-82ed-b7536ce5532c_03-18-week1-PASSING_AND_PASSING,348956186,spirals-bears,16,458889776,506462208
4f10a5c0-d543-4288-82ed-b7536ce5532c_03-18-week1-PASSING_AND_PASSING,348802277,spirals-bears,16,458890360,506462208
4f10a5c0-d543-4288-82ed-b7536ce5532c_03-18-week1-PASSING_AND_PASSING,348800470,spirals-bears,16,458890320,506462208
4f10a5c0-d543-4288-82ed-b7536ce5532c_03-18-week1-PASSING_AND_PASSING,349463276,spirals-bears,16,458890400,506462208
4f10a5c0-d543-4288-82ed-b7536ce5532c_03-18-week1-PASSING_AND_PASSING,349463201,spirals-bears,16,458890344,506462208
4f10a5c0-d543-4288-82ed-b7536ce5532c_03-18-week1-PASSING_AND_PASSING,349894552,spirals-bears,16,458883664,506462208
4f10a5c0-d543-4288-82ed-b7536ce5532c_03-18-week1-PASSING_AND_PASSING,349875688,spirals-bears,16,458889936,506462208
4f10a5c0-d543-4288-82ed-b7536ce5532c_03-18-week1-PASSING_AND_PASSING,349823492,spirals-bears,16,458890000,506462208
4f10a5c0-d543-4288-82ed-b7536ce5532c_03-18-week1-PASSING_AND_PASSING,349859735,spirals-bears,16,458888592,506462208
4f10a5c0-d543-4288-82ed-b7536ce5532c_03-18-week1-PASSING_AND_PASSING,349758746,spirals-bears,16,458889944,506462208
4f10a5c0-d543-4288-82ed-b7536ce5532c_03-18-week1-PASSING_AND_PASSING,349732926,spirals-bears,16,458896160,506462208
4f10a5c0-d543-4288-82ed-b7536ce5532c_03-18-week1-PASSING_AND_PASSING,349474059,spirals-bears,16,458890088,506462208
4f10a5c0-d543-4288-82ed-b7536ce5532c_03-18-week1-PASSING_AND_PASSING,349349767,spirals-bears,16,458890072,506462208
4f10a5c0-d543-4288-82ed-b7536ce5532c_03-18-week1-PASSING_AND_PASSING,349254134,spirals-bears,16,458884048,506462208
4f10a5c0-d543-4288-82ed-b7536ce5532c_03-18-week1-PASSING_AND_PASSING,349224029,spirals-bears,16,458884368,506462208
4f10a5c0-d543-4288-82ed-b7536ce5532c_03-18-week1-PASSING_AND_PASSING,349028721,spirals-bears,16,458890144,506462208
4f10a5c0-d543-4288-82ed-b7536ce5532c_03-18-week1-PASSING_AND_PASSING,348919993,spirals-bears,16,458884016,506462208
4f10a5c0-d543-4288-82ed-b7536ce5532c_03-18-week1-PASSING_AND_PASSING,348915969,spirals-bears,16,458889952,506462208
4f10a5c0-d543-4288-82ed-b7536ce5532c_03-18-week1-PASSING_AND_PASSING,348566551,spirals-bears,16,458890192,506462208
4f10a5c0-d543-4288-82ed-b7536ce5532c_03-18-week1-PASSING_AND_PASSING,348562408,spirals-bears,16,458884216,506462208
4f10a5c0-d543-4288-82ed-b7536ce5532c_03-18-week1-PASSING_AND_PASSING,348558235,spirals-bears,16,458884064,506462208
4f10a5c0-d543-4288-82ed-b7536ce5532c_03-18-week1-PASSING_AND_PASSING,348557863,spirals-bears,16,458884240,506462208
4f10a5c0-d543-4288-82ed-b7536ce5532c_03-18-week1-PASSING_AND_PASSING,348430021,spirals-bears,16,458887936,506462208
4f10a5c0-d543-4288-82ed-b7536ce5532c_03-18-week1-PASSING_AND_PASSING,348425331,spirals-bears,16,458889296,506462208
4f10a5c0-d543-4288-82ed-b7536ce5532c_03-18-week1-PASSING_AND_PASSING,347829239,spirals-bears,16,458884248,506462208
4f10a5c0-d543-4288-82ed-b7536ce5532c_03-18-week1-PASSING_AND_PASSING,347320271,spirals-bears,16,458884056,506462208
